"","X","Soda_a_day","Obesity","Overweight","PE_daily","TV_.3hrs_daily","No_vege_daily","No_fruit_daily","Excercise_Daily_..1hr","grade"
"1",1,17.4,16.3,16.4,23.5,19,52.7,41.9,24.2,1
"2",2,15.9,11.4,15.6,14.3,15.9,38.6,53.8,16.3,1
"3",3,10.7,14.8,17.6,29.2,18.9,42.5,49.6,24.4,1
"4",4,23.5,18.8,17.9,15.9,23.4,52.5,52.9,22.1,1
"5",5,17.3,19.9,15.6,29.1,14.7,43.3,49.8,17.2,1
"6",6,14.4,10.4,14,18,22.4,34,48.2,25.6,1
"7",7,12.1,13.1,15.3,18.4,23.6,39.4,41.6,23.3,1
"8",8,15.1,17,18.8,17.3,24.7,66.5,54.9,15.4,1
"9",9,15.9,15,14.9,18.9,23.1,48.9,45.4,22.5,1
"10",10,16.7,14.5,19.8,16.6,22.1,49.5,47.6,25,1
"11",11,15.8,18.8,23.4,10.5,21.3,45.8,47.5,17.5,1
"12",12,13.6,16.3,13.9,9.5,20,46.8,52.1,18.6,1
"13",13,9.6,13,13.4,23,16.4,32.3,44.7,24.3,1
"14",14,11,15.3,14.2,65.9,17.4,42,40.1,26.7,1
"15",15,16.6,13.6,15.4,8.9,17.4,43.7,43.5,28.6,1
"16",16,9.3,16.4,13.7,15.3,14.1,35,39.8,24.7,1
"17",17,24.5,17,19.1,7.7,25.8,51.9,50.5,17.2,1
"18",18,19.7,17.9,21.7,36,23.2,56.5,51.4,18.1,1
"19",19,16.8,16.1,15,4.3,20.6,40.3,39.7,21.3,1
"20",20,13.2,13.3,15.8,11.3,20.6,42.4,46.4,20.3,1
"21",21,9.2,13.4,13.6,24.3,20.1,40.4,41.5,22.9,1
"22",22,15.7,15,17.2,20,18.3,45.7,44,20.2,1
"23",23,22.4,25.3,17,23.3,24.8,55.4,53.3,25.3,1
"24",24,17,17.5,13.2,23.4,17.4,41.7,53.4,23.3,1
"25",25,13,12.2,12.9,39.9,20,36.3,44.9,26,1
"26",26,14.8,15.9,16.6,26.5,21.1,41.2,42.6,22.9,1
"27",27,12.4,13.2,15.6,31.7,17.1,42.9,42.5,26.8,1
"28",28,10.9,12.9,17.9,16.8,20.7,48.9,45.4,20.9,1
"29",29,10.3,12.5,14.8,7.7,17.4,41,40.1,23.4,1
"30",30,14.6,11,16.2,9.3,17.6,39.6,41.6,23.4,1
"31",31,16.2,14.3,13.5,23.4,20.2,40.4,47.1,27.6,1
"32",32,9.3,13.9,16.2,14.2,16.8,35.8,43.4,18.8,1
"33",33,19.8,11.2,14.7,14.2,18.8,42.1,44,17.6,1
"34",34,17.2,14,18.5,38.9,19.2,40.6,44.6,26.6,1
"35",35,14.4,18.5,15.4,34.7,21.9,44.8,48.1,26.9,1
"36",36,23.7,16,21.6,30.6,22.6,48.6,56.6,32.3,1
"37",37,15,13.2,14.2,25.7,20.7,44,42,25.2,1
"38",38,25.2,14.7,13.8,19.1,23.7,66.5,50.8,17.3,1
"39",39,13.2,13.5,16,16.7,20.4,37.9,41.1,23.3,1
"40",40,22.6,17.9,16.1,12.2,18.8,47.6,50.4,21.2,1
"41",41,14.2,17,19.2,14.1,23.4,39.8,48.8,27.9,1
"42",42,23.4,20.9,21.8,19.1,20.4,53.5,53.7,22.2,1
"43",43,19.3,14.4,17.3,33.5,21.5,51.2,48.4,26.7,1
"44",44,13.5,10.9,12.6,8.5,12.8,36.1,39.9,24.2,1
"45",45,11,12.6,14.3,12.6,15.3,27.3,37.9,21.8,1
"46",46,17.2,15.6,15.4,18.3,21.5,46.5,47.7,23.3,1
"47",47,22.1,22.2,18.4,30,18,47.3,48.2,24.5,1
"48",48,9.9,18,13.8,9.9,18.2,39,46.9,22.6,1
"49",49,14.5,10.9,16,13,19,37.2,43.7,20,1
"50",50,17.2,12,18.6,35.1,25.3,46.6,43.3,25.5,1
"51",51,28,19.9,19,23.4,25.8,49.9,54.3,25.4,1
"52",52,10.8,12.6,14.1,46.6,17.5,40.5,37.2,30.7,1
"53",53,11.1,9.2,10.3,13.1,14.5,26.4,28.7,29.1,1
"54",54,7.6,11.9,14.8,9.8,16.7,34.2,37,22,1
"55",55,21.5,15.7,18.4,25,26.5,37,52.4,30.3,1
"56",56,15.3,14.8,18.3,9.8,28.8,46.5,47.5,12.4,1
"57",57,17.2,10.9,13.8,20.5,22.9,47.5,39.8,22.5,1
"58",58,17.2,23.4,20.9,9.7,18.7,41.7,55.8,17.2,1
"59",59,10.7,14.9,14.4,5.6,19.3,45.3,53.3,18.1,1
"60",60,11.6,13.6,16.1,29.3,17.5,40.4,44.9,24,1
"61",61,16.1,13,14.8,64.9,16.6,44.5,44.8,22.5,1
"62",62,19.5,17.5,13.3,13.4,17.1,41.7,39.8,29.4,1
"63",63,13.5,11.1,14.7,15.3,12.9,40.1,38.7,26.5,1
"64",64,24.5,21.2,17.4,10.6,20.7,50.8,54.4,22.1,1
"65",65,26.2,17.6,20.4,40.5,28.6,55.1,53.4,21.5,1
"66",66,19.1,14.8,17.2,6.8,24.3,39,38.6,20,1
"67",67,13.7,12.7,15.4,11.5,22.6,42.9,45.6,18.7,1
"68",68,11.4,11.7,14,17.3,20.6,43,40.8,23.7,1
"69",69,17.8,18.7,17,19.2,20.9,45.9,42.3,21.3,1
"70",70,23.4,16.2,13.8,30.7,22.2,45,46.5,29.8,1
"71",71,13.6,12,15,43,19.7,37.4,39.5,30.9,1
"72",72,19.5,14.9,16.2,30.2,21.6,39.2,39.8,25.6,1
"73",73,14.3,14.2,16.8,26.4,16.2,30.4,38,28.9,1
"74",74,16.6,13.7,14.9,35.9,21.9,41.7,40.1,25.3,1
"75",75,11.8,12.7,13.6,12.4,22,38.6,39,22.3,1
"76",76,19.4,16.6,16.3,24,20.2,41.1,42.6,32,1
"77",77,13.7,12.1,15.2,13.9,19.4,38.1,38.8,24.3,1
"78",78,22.4,17.4,15.7,14.2,23,42.6,43.8,21.3,1
"79",79,14.4,15.6,14.9,19.1,17.9,41.2,41.4,25,1
"80",80,22.4,16.9,17.2,25.9,24.9,42.8,48.1,31.7,1
"81",81,15,14.5,14.6,18.9,20,40.3,42,26.9,1
"82",82,26.4,8.9,15.9,0,24.8,61.8,50.5,18.7,1
"83",83,12.7,14.3,17.6,19.8,19.2,41.5,40,25.5,1
"84",84,20.5,16,17.9,16.6,24.8,50.8,51.7,21,1
"85",85,27.1,21.5,16.2,26.5,26.3,51.4,48.7,27.6,1
"86",86,15.5,17.6,20.3,26,20.7,49.9,52.5,21.8,1
"87",87,14.4,11.4,12.4,8.9,19.2,38.7,42.9,18.5,1
"88",88,10.7,11.6,15,6.5,18.2,28,34.3,26.8,1
"89",89,12.7,12.2,13.9,16.9,18.9,40.1,40.4,23.2,1
"90",90,23.2,22.1,15.7,24.2,24.4,41.2,41.9,23,1
"91",91,15.3,14.6,14.9,49.1,18.5,41.3,38.6,26,1
"92",92,28.2,14.1,16.5,25.5,27.9,46.4,48.3,25.2,1
"93",93,18.4,13,16.9,15.1,22.6,36.9,43.9,21.8,1
"94",94,20.3,10.2,14.9,18.7,29.7,41.3,37,23.5,1
"95",95,29.4,18.1,17.6,27.4,30.7,51.7,52.4,29.6,1
"96",96,15.1,14.3,13.3,45.8,19.5,35.9,32.1,27.6,1
"97",97,12.9,11.2,12,12.8,25.6,34.8,38.1,25.2,1
"98",98,18.8,15.1,16.5,11.8,26.6,38.8,38.4,23.1,1
"99",99,18.5,14.9,18.5,5.5,33.5,49.9,45.8,16.6,1
"100",100,20.5,12.4,13.3,19.7,29.6,42.9,39.4,25.7,1
"101",101,18.5,24.2,16.2,9.6,22.1,42.9,56,22.6,1
"102",102,14.4,12.5,15.6,8.2,22.8,41.8,51.6,22.5,1
"103",103,13.5,12.6,14.3,19.6,24.5,38.8,40.7,27.2,1
"104",104,17.2,13.9,17.8,56.9,22.6,41.3,38.3,28,1
"105",105,21.5,16.1,15.4,23.2,20.4,42.6,40.3,26.6,1
"106",106,32,21.6,16.9,16.1,27.2,43.5,49.4,19.5,1
"107",107,17.6,13.7,14.5,6.3,23.1,37.5,37.5,22.5,1
"108",108,16.4,11.7,15.6,12,27.7,41.2,43.8,20,1
"109",109,14.5,12.8,15.1,21.9,29.3,38.7,34.9,27.3,1
"110",110,17.4,10.6,16.1,18.5,23.1,38.6,36,25.6,1
"111",111,26.4,21.2,18.2,27.5,32.1,49.4,48.1,23.3,1
"112",112,21.2,12.7,15.4,21.7,22.6,44.4,47.3,26.9,1
"113",113,16.7,10.5,16,40.6,19.7,33.3,38,31.2,1
"114",114,20.8,15.2,15.5,31.5,24.5,40.1,37.1,27.8,1
"115",115,20.1,13.2,18.5,34.7,23.4,36.5,41.2,30.1,1
"116",116,15,12.5,15.9,30,21.9,41.4,36.3,27.6,1
"117",117,13.3,12.8,15.2,14.7,21.2,31.9,34.4,24.2,1
"118",118,20,15.8,16.6,25.1,24.2,42.2,45.3,30.7,1
"119",119,14.6,13.3,14.6,16.9,23.3,45.9,46.1,21.8,1
"120",120,23.4,17.4,18.1,17.6,27.8,36.9,37.1,22.7,1
"121",121,18.7,14.9,15.1,40.3,19.6,44.8,37.2,25.3,1
"122",122,30.3,17.2,13.9,33.1,30.4,45.3,48.9,33.4,1
"123",123,17.4,12.8,16.6,18.8,26.7,43.1,40.3,25.7,1
"124",124,26,12.4,15.6,21,27.5,55,39.2,16,1
"125",125,14.2,11.7,16,17.8,24.9,44.2,40.6,19.7,1
"126",126,24.2,13.6,17.9,18.5,29.5,52,52.9,23,1
"127",127,24.2,15.7,13.2,5.5,22,40.4,48.5,35,1
"128",128,28.6,17.9,15.7,19.8,29.2,50,47.4,26.6,1
"129",129,14.1,13.3,14.2,32.5,17.6,28.5,33,24,1
"130",130,18.5,11.3,13.6,15.8,24.1,41.1,39.2,26.4,1
"131",131,32.9,18.8,16.3,24.9,25.5,42.5,43.1,29.3,1
"132",132,20.8,11.3,14.7,21.2,21.4,33.8,40.4,29.8,1
"133",133,30.1,16.6,18.4,35.7,32.1,41,42.4,27.1,1
"134",134,15.3,13.3,14.5,17.3,21.2,36.6,39.9,19.6,1
"135",135,18.9,7.8,12.2,14.1,28.5,37.4,35.5,22.2,1
"136",136,29.4,20,15.3,22,32.9,45.8,49.3,25.1,1
"137",137,12,11.7,13.1,33.2,22.5,33.1,34.1,26.8,1
"138",138,21.3,13,16.3,16.7,33.4,36.9,36.7,24.9,1
"139",139,20.8,11,15,21,31.1,42.2,37.8,25.5,1
"140",140,22.5,15.4,15.9,32,32.4,46.5,41,26.8,1
"141",141,16.3,15.1,14.1,8.5,29.4,42.4,42.5,24.9,1
"142",142,15.1,8.5,12.7,24,22.8,35.2,41.9,28.5,1
"143",143,23.4,12.4,15.2,69.1,28.2,39.2,36.5,27.1,1
"144",144,20.9,16.1,13.3,24,24,34.4,42,27,1
"145",145,30.7,19.4,17.4,13.6,25.1,43.5,44,21.8,1
"146",146,30.3,13.9,16.4,48.4,33.6,44.8,37.7,30.4,1
"147",147,22.2,10.9,14.2,4.5,23.9,28.4,34.5,24.4,1
"148",148,17.5,11,14.7,14.9,32.8,37.2,39.7,22.4,1
"149",149,14.6,10.2,11.7,17.6,24.6,32.7,36.7,26.2,1
"150",150,20.1,13.5,18,26.3,28.9,37,40.1,27.5,1
"151",151,38,15.3,14.2,35.1,38.1,46.7,52.7,22.4,1
"152",152,20.5,16.3,12.6,32.9,25,42,47.9,30.8,1
"153",153,17.4,9.5,14.4,40.7,23,34.6,39.4,30.2,1
"154",154,25.4,13.6,16.1,31.1,32.3,38.9,36.3,27.6,1
"155",155,22.1,11.6,12.7,31.5,19.4,40.7,38.9,33.7,1
"156",156,14.6,12.8,16,43,30.5,40.5,41.9,24.3,1
"157",157,21.2,13.5,15.6,25.3,28.7,42.9,43.6,23.4,1
"158",158,14.5,9.1,18,48.9,31.5,39.7,35.2,29.4,1
"159",159,19.8,14.1,14.8,23.3,27.4,40.8,44.5,30.8,1
"160",160,20.8,10.6,15.1,19.9,29.5,38.1,35.5,25.5,1
"161",161,25.4,12.9,15.4,25.6,36.4,38.3,43.6,24.1,1
"162",162,23.4,12.9,15.3,45.2,22.6,37.7,39,27,1
"163",163,17.8,16.4,14.8,27.5,24,36.8,38.7,25.7,1
"164",164,27.5,10.5,14.4,34.1,31.2,42.3,44.7,39,1
"165",165,16.9,11.4,16.8,33.3,29,33.2,38.7,25.6,1
"166",166,27.5,14.7,16.7,5.7,31.3,47.2,45.6,24.9,1
"167",167,27.4,13.8,14.6,15.8,23.3,37.2,35.7,26.5,1
"168",168,29.4,14,16.9,23,30.3,46.7,45.4,26.2,1
"169",169,24.3,19.5,15.1,38.1,34.1,47,39.6,30.1,1
"170",170,13.7,7.9,11.7,19.4,15,33.9,31.5,18.3,1
"171",171,29.9,14.2,15.8,15,24.1,37.1,41.5,25.7,1
"172",172,20.7,11.1,13.2,21,26.1,37.5,38.1,23.9,1
"173",173,39.3,17.9,15.9,28.2,32.2,35.4,41,30.8,1
"174",174,17.8,10.4,14.1,46.1,22.4,38.3,31.8,22.1,1
"175",175,23.5,11.5,12,19.4,20.1,29.5,35,30,1
"176",176,38.7,20.6,15.8,27.4,42,45.2,44.8,28,1
"177",177,14.2,14,14.7,18.9,23.1,36.1,42,22.7,1
"178",178,24.9,10.7,14.3,28.4,27.4,39.1,43.4,25.2,1
"179",179,34.6,18.2,16.2,20.1,32.8,44.1,52.3,25.3,1
"180",180,23.3,8.3,10.9,30.1,21.6,37.4,41.5,28.7,1
"181",181,21.7,12.8,15.2,19.1,27.5,32.2,32.3,27.1,1
"182",182,30.5,13.8,12.9,33.5,35.4,43.1,49.2,24.9,1
"183",183,20.6,16.6,17.7,13.1,35.3,43.4,38.1,17.5,1
"184",184,27.7,13.1,14.2,20.6,37.6,41.5,38.2,24.8,1
"185",185,28.2,15.7,17.4,29,36.7,43.2,44.9,26.4,1
"186",186,15.1,12.7,14.2,5.5,32.7,39.5,42.5,21.6,1
"187",187,17.6,8.8,13.5,29.4,24,30.6,30,27.6,1
"188",188,27.6,12.1,14.8,62,32.6,43.6,38.4,22,1
"189",189,26.1,16.9,17.2,25.8,28.4,44.2,45.5,25.2,1
"190",190,27,12.9,14.3,26.8,23.1,35.5,39.8,28.4,1
"191",191,22,12,14.3,22.9,22.5,39.9,42.7,31.8,1
"192",192,35.6,16.6,15.6,17.9,35.2,48.3,50.9,22.2,1
"193",193,30.7,14.4,16.6,50.3,38.5,48.9,47.3,26.2,1
"194",194,20.7,11.2,14,5.4,24.3,36.5,38,23,1
"195",195,21,12.3,15.2,18.4,31.9,37.7,36.9,22.5,1
"196",196,17.2,9,16.3,17.7,28.7,39.2,38.7,20,1
"197",197,25.5,11.8,14.3,23.4,29.9,35.4,36.4,28.8,1
"198",198,41.7,15.8,19.9,25.5,43.6,41.8,36.8,25.4,1
"199",199,23.9,9.6,12.5,50.9,23.9,33.6,36.6,30.6,1
"200",200,27.3,12.8,14.4,33.1,33.6,36.9,34,30.8,1
"201",201,22.8,9.3,13.2,38.9,29.1,39.3,40.2,29.2,1
"202",202,17.1,14.3,13.6,35.9,26.6,31.1,36.6,18.1,1
"203",203,17.3,10.1,14.3,48.6,29.4,33.7,36.1,31.2,1
"204",204,27.1,13.7,14.7,26.6,30.7,39.4,42.3,25.5,1
"205",205,20.5,10.1,14.1,18.2,30.5,38.6,36.1,25.7,1
"206",206,31.1,13,15.5,15.9,32.7,39,43.1,23.6,1
"207",207,23.5,12.2,13.3,23.2,26.9,41.5,37.2,27.8,1
"208",208,24.4,17.5,12.4,21,33.3,42.6,37.9,24.7,1
"209",209,37.2,15.7,16.2,32,32.7,34.8,46.6,31.6,1
"210",210,18.6,11.9,15.7,25.3,28.7,34.4,34.2,27.4,1
"211",211,33.8,10.2,18.5,22.8,37.4,47.2,56.6,26.4,1
"212",212,22.8,12.6,16.2,10.2,23.8,35.8,37,26.1,1
"213",213,42.5,14.3,17.5,27.7,33.6,40.4,41.5,33,1
"214",214,26.7,13.9,16.5,39.9,39,50.7,40.1,28.8,1
"215",215,15,7,10.6,9.3,20.5,33.5,31.7,22.8,1
"216",216,17.2,10.5,14.1,16,22.6,25.3,31.5,23.4,1
"217",217,17.1,10.5,21.1,30.2,30.9,38.4,39.6,26.1,1
"218",218,42.4,15.2,16.4,35.4,31.9,36.6,35.4,30.3,1
"219",219,19.3,10.7,11.7,51.4,21.6,33.7,31.2,34.6,1
"220",220,24.9,11.8,11.4,15.9,20.9,32.5,36.8,27.2,1
"221",221,40,11.2,17.5,29.4,43.7,47.5,53.2,20.9,1
"222",222,24.7,11.3,16.8,15.1,30.7,38.3,43.2,16.6,1
"223",223,26.6,13,11.6,25.3,31.4,33.8,34.7,25.6,1
"224",224,28,14.9,16.7,20.2,33.8,47,43.9,18.4,1
"225",225,25.6,6.2,10.2,22.1,22.7,32.5,33.1,28.3,1
"226",226,24.9,9.2,13.7,39.9,29.1,31.3,32.5,29.7,1
"227",227,27.1,9.8,13.2,31.7,34.6,43.8,43.1,25,1
"228",228,28.8,10.4,15.1,24.6,37.4,45.6,38.9,19.1,1
"229",229,34.1,14.1,15.1,24.8,40.9,43.3,44.8,23.9,1
"230",230,19.7,13.9,11.6,12.5,26.4,44.8,39.2,20.6,1
"231",231,17.4,7.4,12.6,22.4,22.3,38.5,37.7,28.2,1
"232",232,28.6,9.9,13.1,70.2,33.8,43.5,44.1,25.4,1
"233",233,34.1,14.1,16,19.2,27.7,38.8,40.3,23.5,1
"234",234,28,11.3,13.2,25.6,28.7,35.3,39.8,28.2,1
"235",235,33,16.2,19.7,19.4,31.2,43.3,49.6,19.8,1
"236",236,38.2,13,19.6,56.8,39.8,46.6,47.7,26.3,1
"237",237,23.3,13.6,14.9,7.3,28.2,38.8,40.6,18.4,1
"238",238,19.7,10.7,17.9,8.8,44.2,41.9,39,21.8,1
"239",239,21.4,10.5,16.2,23.5,30.8,39.6,41,17.6,1
"240",240,27.3,13.3,13.8,27.8,28.9,38.2,38,25.9,1
"241",241,40.6,16.9,18.3,27.4,41.6,45,41.3,21.8,1
"242",242,34.8,15.1,15.5,34.7,31.3,36.1,45.7,28.1,1
"243",243,27.4,9.8,12,35.7,24.1,32.6,36.9,24.2,1
"244",244,29.2,10.8,16.8,33.7,34.7,38.1,34.5,34.1,1
"245",245,22.1,11.9,14.7,19.1,37.4,45.8,47,24.2,1
"246",246,20.2,12.6,13.8,31.7,26.3,34.5,38.1,23.5,1
"247",247,19.3,9.3,12,34.7,31.4,37.8,34.9,27.6,1
"248",248,32.1,13.7,14.3,27.6,33.4,41.8,43.4,22.8,1
"249",249,21.2,11.5,16.8,15.3,30.6,32.4,34.7,23.6,1
"250",250,35.8,10.7,13.7,15.8,38.6,41.9,42.2,24.8,1
"251",251,29.3,10.6,11.7,8.2,25,44.9,42,11.7,1
"252",252,39.3,12.5,16.5,30.3,32,45.6,49.1,27.6,1
"253",253,22,11.1,17.4,19.1,29.9,35.1,39.7,28,1
"254",254,20.4,9.6,16.3,23.1,29.8,37.8,34.7,22.7,1
"255",255,32.1,13,12.3,16.1,40.7,51,50.4,13.1,1
"256",256,28.4,11.7,13.3,18,23.8,39.3,42.5,28.3,1
"257",257,36.6,14.4,15.9,18.8,38.3,42.2,42.8,25,1
"258",258,33,12.5,16.7,43,36.6,45.1,39.5,30.3,1
"259",259,15.8,7.6,12.7,14.4,20.8,34.9,38.7,14.3,1
"260",260,22.3,12,11.9,21.2,25,28.2,32.4,23,1
"261",261,32.2,13.7,16.8,24.6,33.1,39.9,45.4,23.9,1
"262",262,19.7,9,13.8,48.4,21.3,36.5,35.1,24.7,1
"263",263,24.9,9.1,11.8,18.8,22.1,30.3,40.9,25.8,1
"264",264,25,11.6,16.9,19.3,24.5,40.2,42.9,19.2,1
"265",265,25.5,8.7,13.4,25.4,28.3,39.3,40.6,25.2,1
"266",266,37.9,12.3,16.1,25.6,36.5,50.9,56.7,22.1,1
"267",267,24.2,14.2,13.7,16.2,29.4,29.7,24.2,26.3,1
"268",268,33.2,14.5,17.2,34.8,36.2,43.2,46.5,21.4,1
"269",269,29.7,15.6,20.2,24.5,55.6,49.7,43.2,18.8,1
"270",270,30.6,11.7,15.2,21,39.3,38.9,39.9,21.5,1
"271",271,34.5,15.2,20.4,33.9,47.2,43.6,39.7,26.7,1
"272",272,18.7,16.7,16.3,5.5,36.2,51.6,55.2,18.6,1
"273",273,26.4,9.4,10.8,31.8,23.6,35,40.8,22.3,1
"274",274,36.5,13.2,17.2,42.8,39.5,42,33.6,21.3,1
"275",275,35.5,15.3,12.2,26.9,27.4,38.7,35.4,21.9,1
"276",276,33.9,10.4,11.1,22.3,26,37.1,37.9,28.2,1
"277",277,32.6,10.9,15.5,21.1,26.6,33.6,38.4,27.5,1
"278",278,37.7,14.7,19.1,14.7,28.8,42.9,52,17.1,1
"279",279,34.9,17.6,15.2,59.4,39.5,54.4,51.1,25.4,1
"280",280,22.3,12.8,15.4,5.9,28.6,27.2,36.9,19.6,1
"281",281,30.5,11.7,15.3,13,38.3,36.7,39.2,22.4,1
"282",282,26,13.2,15,20.5,33.7,47.5,43.6,21.3,1
"283",283,26.1,15.6,16,25.7,36.9,43.7,46.2,18.7,1
"284",284,45.7,16,18.6,21.4,51.6,48.3,43.2,23.3,1
"285",285,30,12,13.5,25.3,27.4,41.1,42.1,28.7,1
"286",286,26.9,9.3,14.5,44.7,22.8,36.8,39.7,22.7,1
"287",287,33.2,13,15.8,30.9,37,39.1,38.7,25.6,1
"288",288,22.3,12.2,14.9,40.7,36.7,43.1,39.5,23.9,1
"289",289,20.9,12.8,14.7,20,25.1,29.9,36.6,24.9,1
"290",290,27.4,11.8,13.8,29.2,29.4,37.9,43.1,24.4,1
"291",291,24,11.5,14.8,10.9,34.7,39.3,38.9,20.9,1
"292",292,38.4,12.5,20.5,28.7,34.3,42.2,47.9,26.5,1
"293",293,26.6,9.5,13.3,21.8,22.8,37.8,39.7,23.3,1
"294",294,31,11.7,13.3,28.1,29.4,39.4,42.6,26.3,1
"295",295,40.9,13.2,13.4,37.4,33.6,42,50.2,29.2,1
"296",296,25.8,10,15.1,28.3,29.6,33,39.7,26.3,1
"297",297,37.8,11.7,17,17.9,35.4,41.5,46.9,22,1
"298",298,27.5,8.8,14.1,13.1,24.6,36,39.7,25.1,1
"299",299,47.6,15.3,19.4,27.9,41.4,45.9,46,25.7,1
"300",300,37.7,14.3,15.5,43.3,38.1,44,42.1,27.7,1
"301",301,15.6,10.6,9.4,24.6,19.8,33.3,34.8,22.2,1
"302",302,24.2,11.9,13.6,21.1,24.6,29.5,30.8,28,1
"303",303,45,11.3,15.6,18.2,33.9,40.2,43.2,25.1,1
"304",304,24.4,9.7,13.9,19.7,26.4,36.3,35,22.4,1
"305",305,26.9,8.8,11.7,17.8,20.7,35.9,46.4,28.1,1
"306",306,20.4,16.5,17.4,23.5,19.5,55.8,48.2,21.3,2
"307",307,12,12.8,19,17.1,18,41.4,49.5,15.6,2
"308",308,16.3,13.9,18.3,25.1,23.4,46.1,48.8,19.2,2
"309",309,24.9,22.4,18.7,16.6,24,47.2,49.8,22.5,2
"310",310,15,15.5,15.6,12.6,20.2,44.1,43.3,16.5,2
"311",311,12.3,9.1,12.4,10,14.9,34.1,47.7,22.7,2
"312",312,11.5,14.4,13.4,23,24.3,40.2,42.7,18.5,2
"313",313,14.4,18.5,17,16.9,23.5,46.4,40.6,14.9,2
"314",314,16.9,13.4,15.6,14.1,21.5,43,42.4,22.6,2
"315",315,13.6,18.7,17.5,57.2,19.1,43.3,47.3,21.8,2
"316",316,17.3,28,12.7,9.8,20.8,46.6,60.8,20,2
"317",317,9,17.1,15.8,5.8,15.3,47.2,59,15.3,2
"318",318,12.3,11.4,12.6,17.5,14.9,36.4,47.8,22.2,2
"319",319,14.4,16.2,15.4,74.7,18.4,44.5,47.9,23.5,2
"320",320,20.3,22.3,15.2,13.5,23.2,37.5,45.8,26.4,2
"321",321,18.4,11,16.7,15.2,16.7,37.7,43.1,27.6,2
"322",322,25.2,18.2,18.5,13.9,20.1,51.5,52,18.8,2
"323",323,21.4,19.7,15.2,13.3,25.8,55.5,51,19.1,2
"324",324,10.6,14.1,15.1,2.9,21.5,37,41.4,19.3,2
"325",325,12.3,12.7,15.2,9.3,18.6,42.9,45.8,18.3,2
"326",326,9.9,18.8,12.7,19.3,19.2,43.4,44.8,19.6,2
"327",327,14.9,13.5,14.8,20.9,18.6,44.1,43.9,22.4,2
"328",328,25.7,25.7,18.3,26.7,28.5,58.1,48.9,24.4,2
"329",329,22.2,17.2,16.3,20.5,19.7,39.8,47.3,23.8,2
"330",330,12,10.8,13.1,21.4,19,38.6,49.3,22,2
"331",331,16.8,15.7,16.6,22.1,18.4,38.1,40.3,22.3,2
"332",332,17.5,10.5,10.5,26.2,18.8,37.3,44.3,27.8,2
"333",333,14.3,11.9,14.4,20.7,23.2,42.8,46.7,22.5,2
"334",334,10.6,12.7,13.3,11.6,14.6,46.2,42.5,21.5,2
"335",335,5.8,10.1,12.8,12,14.6,37.1,45.2,23.7,2
"336",336,18.1,13.9,17.2,17.7,22.2,40.4,45.2,24.8,2
"337",337,11.8,10.7,16.7,19.1,18,45.6,46.6,17.9,2
"338",338,19.8,18.8,18.9,16.1,17.5,48.2,50.2,16.8,2
"339",339,16.7,11.9,17,29.2,18,43.4,44,26,2
"340",340,17.5,19.7,13,5.5,17.6,44.2,49.6,22.2,2
"341",341,20,17.3,15.7,26.2,21.3,55.5,55.5,24.9,2
"342",342,13.4,18.1,12.7,25.6,17.5,40.3,46,27.6,2
"343",343,25.6,16.7,15.7,15.6,18.8,58.7,52,14.2,2
"344",344,17.2,11.8,13.4,14,20.6,42.4,44.1,17.9,2
"345",345,19.2,15.2,13.1,7.7,20.3,53.8,54.1,17.3,2
"346",346,16.5,12.9,14.1,14,17.4,39.7,47.1,28.5,2
"347",347,21.5,17.7,17.4,10.4,22.8,49.4,48.9,18.5,2
"348",348,20.6,17.7,20,29.2,17.5,51.8,52.8,24.4,2
"349",349,11,10,10.8,7.4,15.3,35,43.8,19.6,2
"350",350,9.6,13.1,13.9,10.2,15.3,28.4,39.2,20.2,2
"351",351,14.4,11.5,14.8,21.7,18.9,40.2,42.4,20.4,2
"352",352,24.4,21,16.1,14.8,19.6,47.3,52.3,25.5,2
"353",353,9.6,14.5,14,19.4,15.6,27.3,39.2,17.3,2
"354",354,15.4,14.8,18.4,19.6,26.6,41.7,49.4,15.7,2
"355",355,12.3,10.7,14.5,28,17.4,44.3,46.8,24.7,2
"356",356,28.6,22.1,19.6,12.4,23.1,48.7,49.2,20.8,2
"357",357,14.1,15.9,18.1,14.2,17.4,39.2,40.6,24.9,2
"358",358,9.6,10.2,13.7,7.9,17,38.6,43.4,25.5,2
"359",359,12.9,13.1,15.8,7.1,15.4,42.4,41.8,19.9,2
"360",360,17.1,14.6,15.2,20.5,26.3,46.1,48.3,22.6,2
"361",361,15.4,17.8,15.3,3.7,23.4,46.8,46.3,12,2
"362",362,17.7,11.2,17.1,17.1,24.2,43,39.5,22.2,2
"363",363,18.9,21.1,20,6.4,17,46,54.4,19,2
"364",364,10.2,14,13.7,5,16.9,39.8,50.2,19.6,2
"365",365,12.3,8.1,14,18.2,13,36.5,40.7,23.8,2
"366",366,12.1,14.5,18.3,77.5,16.3,42.8,40.8,24.3,2
"367",367,21.5,16.6,15.6,17.5,15,44.1,42.9,27.5,2
"368",368,16.4,14.1,14.3,17,15.8,38.1,39.3,24.5,2
"369",369,30.2,19.4,17.7,12,22.1,47.7,48.3,18.4,2
"370",370,31.1,16.4,17.6,24.7,26.8,49.6,48,20.3,2
"371",371,11,14.5,15.4,4.6,22.9,37.9,41.6,17.2,2
"372",372,13.9,13.1,14.3,9.6,21.2,42.3,45.4,16.8,2
"373",373,9.9,9.9,13.8,13.5,14.5,37.7,39,23.9,2
"374",374,19.1,17.2,13,14.6,23.8,39.7,37.5,23.2,2
"375",375,13.8,14.7,15.9,22.5,20.2,46.2,50.5,23.3,2
"376",376,15.1,10.7,15,23.3,16.6,37.6,43.4,24.7,2
"377",377,17.9,16.9,16.5,24.3,20.4,39.6,39.2,24.9,2
"378",378,22.5,14.6,16.8,24.4,23.3,44.2,45,22.8,2
"379",379,16.2,13.1,13.4,22.2,22,38.9,42.4,25.4,2
"380",380,13.2,12.8,13.4,31.8,15.6,38.3,39.2,21.6,2
"381",381,20.9,16.1,16,20.9,19.5,35.8,44.9,29.7,2
"382",382,15.2,14.7,16,14.2,21.9,38.3,42.3,18.3,2
"383",383,21.4,14.6,16.3,16.8,22.2,43.2,40.6,22.8,2
"384",384,17.9,16.9,16.5,8.2,19.2,36.6,40.4,22.1,2
"385",385,22.3,16,15.6,19.3,19.9,46.9,51.2,28.9,2
"386",386,17.7,12.7,15.9,19.9,20.4,42.5,46.9,24.5,2
"387",387,21.2,12.3,11.5,0.2,26.3,64.9,58,12.5,2
"388",388,11.6,17.7,15.9,17.6,20.5,42.8,46.2,23.3,2
"389",389,20.7,17.3,16.2,11.2,23.7,44.6,44.7,21.9,2
"390",390,26.9,19.6,17.1,14.7,23.4,46.9,45.1,25.6,2
"391",391,20.7,20.3,15.5,30.1,22.8,41.9,47.1,29.3,2
"392",392,15.1,7.5,12,8.2,16.6,41.1,40,17.2,2
"393",393,11.1,13.7,14,15.1,15.3,28.3,34.7,23.7,2
"394",394,19.1,13.4,11.5,5,18.9,38.6,42.5,20.2,2
"395",395,27.9,16.7,17.3,13,20.1,41.1,44.9,21.7,2
"396",396,15.2,9.7,14.5,31.3,15.1,39.3,37.7,24.5,2
"397",397,26,19.2,17.7,25.2,31.1,46.5,50.8,21.1,2
"398",398,15.2,14.2,12.8,10.2,18.6,33.8,43,18.5,2
"399",399,17.1,10.2,15.2,18.9,22.2,44.7,47.9,20.8,2
"400",400,28.6,17.9,16,22.2,27.9,45.8,49.2,25.8,2
"401",401,13.7,13.4,16.8,20.9,21.5,36.3,29.9,22.6,2
"402",402,9.9,10.3,12.8,6.3,20.7,35.5,35.6,24.5,2
"403",403,15.9,15.1,16.6,6.4,25.2,44.8,38.5,22.6,2
"404",404,19,15.7,16.8,19,29.3,48.6,46.6,15.9,2
"405",405,20,11.8,14.8,16.6,28.7,41.1,37.6,23.6,2
"406",406,14.8,16.5,16.2,6.4,25.4,38,52.4,28.4,2
"407",407,12.6,12.6,15.3,3.8,20.4,41.3,48.2,19.9,2
"408",408,13.9,11.1,18,18.7,17.6,32.3,40.1,31.1,2
"409",409,18.7,13.8,14.1,66.2,20.4,44.9,38.9,25.8,2
"410",410,20.2,15.3,13.6,18.4,23.3,41.6,39,20.6,2
"411",411,35.2,17.3,15.7,12.5,24.9,38.3,47,20.8,2
"412",412,16.6,12.8,14.9,3.9,22.1,42.6,40.2,20.1,2
"413",413,16.3,11.7,14.7,9.9,26.1,40.7,42.6,17.7,2
"414",414,13.1,12.7,16.3,16.6,18.3,37.3,39.8,20.3,2
"415",415,18,14.1,16.9,15,18.9,41.1,43.5,26.3,2
"416",416,29.1,17,16.8,17.9,30,49,53.5,15.1,2
"417",417,17.7,12.6,13.5,13.9,16.3,41.5,47.4,23.3,2
"418",418,20,11.3,14,25.7,21.8,32.9,40.3,27.1,2
"419",419,20.5,14.5,15.9,21.8,23.6,37.5,35.7,25.3,2
"420",420,18.3,12.5,16.5,25.7,17.6,36.2,40,26.4,2
"421",421,13.8,11.6,15,21.2,19.3,41.2,42.6,29,2
"422",422,12.7,11.5,14.7,23,16.7,33,36.1,19.9,2
"423",423,20.1,14.7,15.5,19.6,25,40.2,47.1,28.3,2
"424",424,12.5,12.8,13,21.7,23.3,41.1,43.1,22.4,2
"425",425,26.3,18.5,14.3,18.2,27.7,40.6,44.2,27.2,2
"426",426,21.8,13.2,13.7,35.4,17.1,38.7,38,26.5,2
"427",427,28.4,16.2,17.1,36.8,23.8,38,40,33,2
"428",428,19.1,15.6,13.1,15.1,27.6,37.4,41.6,21.9,2
"429",429,32.8,11.5,11.6,9.1,29.2,58.2,41.5,18.7,2
"430",430,11.2,10.9,12.7,23.7,23.1,42,39.2,18,2
"431",431,26.5,19.9,20.9,13.6,25.7,48.4,47.2,22,2
"432",432,25.5,15.7,15.3,7.3,21.6,37.5,43,23.8,2
"433",433,30.9,18.8,17.6,14.7,27.2,43.5,47.6,25.4,2
"434",434,15.5,11.9,14.1,4.3,15.6,26.4,31.8,22,2
"435",435,13.8,13.3,17.1,3.7,24.4,39.5,43.2,20.7,2
"436",436,32,16.6,16,15,26.7,42.4,47.9,26.2,2
"437",437,24.5,12.2,14.4,17.4,19.6,35.5,38.7,25,2
"438",438,29.9,19.4,13.4,26.1,31.2,42.5,47.9,23.8,2
"439",439,14.4,13.1,13,14.8,20.3,30.7,37.1,19.6,2
"440",440,20.8,15.2,11.6,14.7,29,36.5,38.7,19.9,2
"441",441,29.4,15.9,15.9,18.5,28.1,41.8,47.4,24.1,2
"442",442,15.1,10.4,14.8,17.7,23.9,32.3,38,25.5,2
"443",443,20.9,14.6,16.3,8.3,31,41.2,35.2,23.2,2
"444",444,22.6,12.1,12.8,19.2,32.1,42.8,38.6,24.1,2
"445",445,27.3,12.1,20.5,23.4,33.8,44.9,40.7,25,2
"446",446,12.7,11.3,17.3,6.4,30.8,47.7,48.2,16.5,2
"447",447,17.6,10.1,17.1,23.5,21.4,32.2,36.7,28.3,2
"448",448,22.5,11.3,14.5,54.4,28.9,38.4,36.9,23.5,2
"449",449,22.6,9.3,18.1,29.2,25,36.8,39.1,28.8,2
"450",450,37.4,19.3,13.4,8.8,25.5,39.1,41.1,20.9,2
"451",451,20.2,12.1,16.2,21.1,30.3,43,35.2,31.1,2
"452",452,20.3,11.4,14.7,3.4,21.2,35.3,35.8,20.8,2
"453",453,17.6,10.8,14.7,12,30,36.8,38.5,20.6,2
"454",454,13.1,10.9,13.7,17.2,26.2,40.1,40.6,21.9,2
"455",455,18.9,13,14.1,18.3,26,36.6,37.7,23.2,2
"456",456,39.1,10.9,13.6,23.1,40,38.6,55.8,25,2
"457",457,24.7,13.1,16,23,23.4,39.3,42.8,24,2
"458",458,20,10.5,14.1,24.1,21.4,32.2,39.1,25,2
"459",459,26.9,14.5,15.6,22.3,31.3,37.2,37.2,25.5,2
"460",460,21.5,13.2,14.9,27.9,23.1,41,39.2,29.8,2
"461",461,14.5,10.1,15.3,11.3,29.3,47.3,43.5,20.3,2
"462",462,16.9,11.7,9.4,10.3,20.5,32.6,40.9,20.1,2
"463",463,10.5,8.4,9.9,32.5,24,33.6,40,22.9,2
"464",464,20.9,12.5,15.3,18.3,23.9,36,41.8,28,2
"465",465,17.4,10,12,17.8,24.9,34.2,37.8,27,2
"466",466,28.9,12.5,12.3,18.3,32.4,38.1,42.8,26.4,2
"467",467,23.1,15.1,16.8,15.3,20.5,32.7,32.6,21,2
"468",468,23.9,9.7,15.6,23.1,22.8,37.4,36.4,23,2
"469",469,32.6,11.8,14.2,30.7,29.2,43,49.8,45.6,2
"470",470,14.7,11,14.4,23.4,24.8,35.9,36.3,23.6,2
"471",471,30.3,15.3,16.4,18.9,37.3,49.1,46.2,19.3,2
"472",472,24.3,7.8,12.2,10.9,19.8,33.9,36.8,28.9,2
"473",473,30.6,16.1,12.1,13.6,36,45.2,45.5,25.8,2
"474",474,23.9,13.7,17.2,30.1,29.6,43.9,37,25.7,2
"475",475,14,6.4,10.9,9.4,14.9,32.4,34.4,15.7,2
"476",476,35.7,13.3,15.1,12.8,29.2,37.4,48.3,23.5,2
"477",477,20.6,10,14.8,5.6,26.1,37.2,39.3,24.1,2
"478",478,35.9,14,14.5,19.7,34.9,34.3,37.4,31.1,2
"479",479,17.8,14.5,14.4,42.1,20.8,35.5,33.9,24.2,2
"480",480,25.4,10.4,13,19.1,21.7,28.4,37.1,27.6,2
"481",481,36.8,18.1,15,30.7,38,48.4,36,27.6,2
"482",482,18.7,10.4,14.7,13.2,20,32.9,36.9,16.7,2
"483",483,19,11.6,15.6,23.6,27.2,46.1,48.2,21.5,2
"484",484,33.6,17,14.9,19,30.9,37,45.8,26.5,2
"485",485,20.9,8.6,10,14.9,19.8,29.1,38,24.8,2
"486",486,17.4,11,14.1,28.3,28,34.9,35.2,23.6,2
"487",487,26.9,11,17.8,15.2,36.9,37.4,40.3,25.9,2
"488",488,26.1,13,20.6,11.5,42.8,44.4,41.4,18.8,2
"489",489,24.1,11.8,13.8,19.8,34.3,39.7,35.3,33.2,2
"490",490,28.8,16.1,14.8,20.5,35.9,42.2,37.7,26.2,2
"491",491,17.7,12.7,10.2,4.3,29.3,40.2,44.2,19.9,2
"492",492,15.3,10.5,15.5,27.4,18.7,34.5,38.5,24.4,2
"493",493,26.4,12.2,13.9,79.8,28,43.6,41.7,21.1,2
"494",494,30.4,13.7,12.8,12.2,24.9,40.6,41.6,21.9,2
"495",495,29.1,11.7,12.4,17.7,22.7,34.2,37,29.4,2
"496",496,23.3,9.6,15.2,20.3,24.9,32.3,39.4,25,2
"497",497,38.3,15.5,13.6,16.1,31.8,42.4,51.3,18.9,2
"498",498,35,18.3,15.5,31.3,34,45.1,48.7,28.3,2
"499",499,22.6,11.7,11.9,3.6,22.4,30.1,38.2,22.3,2
"500",500,24.5,10.9,16.8,11.6,33.1,36.5,40.2,18.8,2
"501",501,19.4,10.3,14.2,15.3,29.7,42.3,42.5,17,2
"502",502,24,12.2,15.4,21.3,26.9,36.8,37.3,24.9,2
"503",503,36.5,12.6,14.6,27.7,39.3,42.8,41.8,23.6,2
"504",504,24.7,9,13.1,19.5,22.5,32,38.6,25.3,2
"505",505,26.6,12.9,14.3,25.1,31.4,38.4,35.6,27.3,2
"506",506,27.9,12.3,13.6,29.9,23,33,41.4,26.8,2
"507",507,27.4,8.6,13.3,13.5,32.1,35,39.4,20.8,2
"508",508,19,12.5,13.7,60.5,35.3,37.4,40.9,25.7,2
"509",509,29.8,10.2,15.2,24.8,28.7,35.5,39.7,25.6,2
"510",510,19.5,10.3,16,20.8,28.9,36.2,34.4,21.5,2
"511",511,32.2,15,14.8,22,33.6,40.5,43.7,28.5,2
"512",512,26.1,11.5,14,28.2,26.9,37.5,35.2,25.6,2
"513",513,23,15.8,20.3,13.9,29.1,41.7,42.8,24,2
"514",514,30.2,17.3,16.7,28.4,26.1,40.3,41.5,35.2,2
"515",515,20.7,8.3,14.1,23.3,25.7,33.2,37.9,27.1,2
"516",516,34.6,14.8,15.3,14.8,40.2,45.7,46,24.7,2
"517",517,31.2,8.8,14,11.1,22,38.6,42.2,25.3,2
"518",518,41.9,16.1,18,13.6,31.4,41,47.6,28,2
"519",519,29.9,16,16.9,29.6,39.2,47.4,42.7,27.3,2
"520",520,13.7,10.4,12.3,8.5,20.2,28.8,31.3,19.3,2
"521",521,16.2,9.9,12.5,10.4,23.1,25.2,30.4,24.3,2
"522",522,22.6,11.1,12.6,6.5,28.6,42.3,40.2,19.7,2
"523",523,39.2,14,13,15.8,32.6,33.2,35,28.2,2
"524",524,23.5,11.1,15.5,45.2,23.5,36.9,34.2,24.6,2
"525",525,25.9,11.8,10.9,15.1,19.7,29.7,38.8,24.7,2
"526",526,41.5,15.7,15.3,25.5,37.9,40.4,50.7,17.1,2
"527",527,19.4,14.1,12.1,16.9,21,32.8,38.6,20.1,2
"528",528,28.7,10.6,15.4,24.3,30.1,40.5,37,24.6,2
"529",529,38.6,13.9,16.2,16.3,33.5,44.7,48.3,21.8,2
"530",530,27.1,7.2,12.5,12.6,26.1,31.3,30.5,25.5,2
"531",531,31.2,9.9,13,35.9,28.4,36.7,33.7,21.9,2
"532",532,26.3,11.6,18.8,13.1,32.9,43.9,45.6,20,2
"533",533,27.4,10.1,14.6,21.1,38.1,40.4,38.6,26.9,2
"534",534,31.6,11.6,15.6,20.8,35.3,35.9,42.3,23,2
"535",535,19.9,14.9,11,9.6,32,40.2,47.5,19.7,2
"536",536,21.8,8.4,11,24.9,19.5,33.8,35.7,27.7,2
"537",537,27.9,10.9,17.9,65.4,32.7,42.1,37.9,22.2,2
"538",538,28.9,9.3,13.5,17.3,27.2,39.3,42.1,21.3,2
"539",539,32.1,10.7,13.1,15.4,24.8,33.8,37.1,26.4,2
"540",540,40.9,18.2,10.6,11.2,30.1,38.1,47.6,21.7,2
"541",541,34.1,17.6,17.9,31.6,37.5,48.9,49.9,27.1,2
"542",542,25.6,12.2,14.7,2.5,24.1,40.7,37.4,16.1,2
"543",543,23.3,13.3,12.3,16.6,35.6,35.7,37.2,24.7,2
"544",544,20.2,10.9,12.1,14.5,30.2,33.8,37.9,23.4,2
"545",545,27.6,12.8,14.7,24.6,28.5,37.2,37.5,21.7,2
"546",546,38.1,18.8,14.9,23.8,43.1,43.9,38.8,20.2,2
"547",547,31.1,13.1,13.4,24.7,32.1,38.2,43.7,23.9,2
"548",548,24.2,9.8,10.8,23,21.3,31.8,37.6,18.3,2
"549",549,28.5,11.7,13.9,27.6,30.8,35.3,34.6,28.2,2
"550",550,20,10.2,11.6,25.7,30.4,44.8,42.2,22,2
"551",551,20.7,12.4,15.2,11.3,19.5,33.2,37.2,20.5,2
"552",552,17.1,10,14,12,28.1,32.4,38.3,14.6,2
"553",553,27.7,13.3,13.8,23.3,31.8,40,46,22,2
"554",554,26,11.6,12.7,16.2,30.2,30.4,38.3,20.5,2
"555",555,30.2,16,12.9,7.7,33.7,39.8,51.2,21.6,2
"556",556,27,10.7,14.9,28.7,25.2,40.6,39.3,28.6,2
"557",557,41.2,11.2,13.9,33.7,26.3,48.9,51.8,28.2,2
"558",558,22.9,12.2,17.4,17.9,29.6,40.2,40.4,25.3,2
"559",559,20.3,9.2,16.3,23.1,27.5,36.7,36.1,19.1,2
"560",560,31.7,14.8,16.5,11.4,30.3,49.6,49.8,20.2,2
"561",561,30.2,9.2,9.5,12.9,23.8,38.6,44.3,21.8,2
"562",562,42.7,15.8,14.3,14.9,39,44.4,48.9,23.7,2
"563",563,32.4,11.9,13.4,28.9,34,44.3,39,24.9,2
"564",564,13.4,5,8.7,8.2,16.9,31.4,34.8,20.8,2
"565",565,20.2,11.9,12.9,13,27.4,27.4,32.5,22,2
"566",566,30.7,12.6,11.2,12.4,24.6,35.4,37.9,20.5,2
"567",567,26.1,8.8,12.5,43.2,22.3,36.5,37.3,23.4,2
"568",568,25.6,8.4,11.9,15.5,17.8,33.1,41.5,23.3,2
"569",569,24.3,10.2,14.7,13.4,21.6,41.8,43.9,16.9,2
"570",570,30.1,9.4,14.5,19.6,24.9,45.3,46.9,21.3,2
"571",571,41.4,18.2,14.4,21.8,34.4,49.2,53.1,21.3,2
"572",572,20.2,10.6,14.3,21.1,29.4,33.1,35,25,2
"573",573,33.4,10.9,15.1,17,38.3,42.1,42.6,19.7,2
"574",574,27.2,18.4,15.2,12.4,46.4,50.2,45.6,17.1,2
"575",575,28.4,10.7,15,17.3,37.7,40.5,40.1,22.7,2
"576",576,30.8,13.4,18.9,21.8,43.4,42.1,40.6,24.5,2
"577",577,20.7,17.7,12.1,7.1,31.2,42.4,46.6,16.8,2
"578",578,21.1,10.5,13.8,39.5,19.3,35.5,41.6,24.9,2
"579",579,31.3,12.4,13.7,49.7,31.5,40.1,37.1,19.5,2
"580",580,33.7,14,16.9,13.2,30,36.4,39.6,21,2
"581",581,36.5,13.8,13,14.2,21.2,29.9,37.6,27,2
"582",582,34.6,9.3,13.9,19.8,26.2,28.7,38.5,25.5,2
"583",583,40.9,17.6,16,10.1,25.8,41.7,51.8,14.3,2
"584",584,38.5,14.5,15.3,30.6,31.2,48.9,54.6,21.5,2
"585",585,14.7,15.1,12.2,3.7,19.7,23.2,35.8,19.3,2
"586",586,33.6,12,16.1,10,41.8,42.7,42.6,22.5,2
"587",587,23.7,10.6,14.5,17.3,26,38.8,40.1,19.4,2
"588",588,27.6,12.5,15.2,21.7,33.6,36.5,38.2,22.5,2
"589",589,47.9,19.5,16.9,18.8,46.8,44.4,40.6,19.4,2
"590",590,40.4,14.2,12.4,17.8,28.9,39.8,40.4,28.5,2
"591",591,26.3,11,11.9,21.4,20.6,33.2,38.4,19.6,2
"592",592,32.8,12.6,14.9,23.9,32.5,39.3,41.3,21.2,2
"593",593,22.3,6.9,15.7,11.5,30.3,37.6,44.9,22.4,2
"594",594,21.2,9.8,15.2,8.2,22.6,27.4,29.5,21,2
"595",595,29.6,9.8,9.7,23.8,27,33.9,45,20.2,2
"596",596,24.2,10.1,14.1,15.4,34.2,38.4,37.8,20.1,2
"597",597,37.6,12.3,14.9,20,35.1,44.1,52.7,24.6,2
"598",598,29.6,9.3,15.7,8.8,23.9,37.1,39.4,17,2
"599",599,31.6,13.5,17,13.9,33.5,40.8,46.2,23.4,2
"600",600,43.2,15,16.7,31.5,30.6,41.7,47.6,32.2,2
"601",601,26.2,9.3,16.7,19.4,26.1,34.5,40.8,23.8,2
"602",602,28.3,17.4,14.9,13.6,34,43.5,45.4,20.8,2
"603",603,31.1,8.8,13.2,10.5,21.1,34.2,38.3,21.7,2
"604",604,46.6,18.3,15.9,17.8,35.2,38.6,48.4,22.9,2
"605",605,36.9,16.3,11.1,32.2,36.6,45.6,44.5,25.4,2
"606",606,17.1,12,13.6,31,19.9,39.8,43.1,18.2,2
"607",607,24.5,10.2,12.9,12.6,30.5,26.9,32.7,25.2,2
"608",608,48.8,15,16.6,13.1,31.9,37.7,41.8,25.7,2
"609",609,23,11.2,15.1,33.3,25.6,38.6,38.2,20.1,2
"610",610,27,8,10,17.7,18.9,36.4,44.3,22.7,2
"611",611,21.2,18.8,20.1,9,19,52.2,44.6,21.5,3
"612",612,11.5,20.7,10.8,16.8,22.4,33.3,44.2,16.8,3
"613",613,16.2,11.3,15.3,25.6,15.3,42.1,52,18.5,3
"614",614,21.8,28.9,22.2,12.1,20.6,50.2,53.4,23.2,3
"615",615,13.1,14.1,15.4,12.1,18.7,36.1,45.6,17.6,3
"616",616,12.3,10.3,11.3,16,15.9,33.1,43.2,25.5,3
"617",617,13,15.1,15.9,14.1,22.2,39.4,43.1,22.4,3
"618",618,14.5,16.7,16.3,12.6,24,54.4,55.5,11.8,3
"619",619,17.1,13.8,16.1,16.3,21.3,48.3,49.4,22.8,3
"620",620,13.3,19.6,19.9,14.8,21.2,47.1,48.7,23.5,3
"621",621,17.9,24.4,18,15.2,16.6,43.6,56.3,22.5,3
"622",622,11.2,17.8,14.5,7.5,15.5,46.9,60.1,16.4,3
"623",623,13,9.9,12,17.3,15.9,40.8,51.3,18.3,3
"624",624,15.5,15.3,16.7,73.1,22.6,47.9,42.6,24.6,3
"625",625,16.6,16.9,16.7,13.6,21.9,45.6,43.7,19.8,3
"626",626,19.5,16.8,15.9,24.9,16.4,30.5,45.3,25.3,3
"627",627,25.8,23.6,14.2,12.1,19.6,53.2,58.4,15.7,3
"628",628,19.4,12.9,14.5,9.7,29.2,54,57.4,21.3,3
"629",629,15.5,15.5,14.5,3.3,21.4,35.8,41.7,19.4,3
"630",630,11.8,12.6,15.3,10.2,19,39.7,46.9,17.5,3
"631",631,15.5,13.3,17.3,18,22.9,39,48.3,15.6,3
"632",632,15.2,16.7,14.3,25.7,18.2,45.5,48.6,18.1,3
"633",633,29.5,23.4,17,14.8,26.6,55.9,53,18.1,3
"634",634,30.6,20.2,15.1,19.6,19.6,36.9,46.1,21.9,3
"635",635,15.1,13.5,12.5,23.2,17.4,35.8,43.3,24.5,3
"636",636,13.9,15.5,15.5,19.7,19.4,42.3,43.3,20,3
"637",637,20.9,14.4,14.7,25.3,15,40.5,49,18.9,3
"638",638,11.7,10.3,17.8,15.2,18.8,47.7,52.7,24.5,3
"639",639,9.6,13,13.4,12.4,17.8,40.2,37.9,20.4,3
"640",640,8.5,14,14.2,10.4,16.8,39.1,45.7,17.2,3
"641",641,18.5,16.3,15.7,14.1,21.1,43.3,51.1,22.3,3
"642",642,15.6,14,15.9,17.9,15.6,41.7,43.7,18,3
"643",643,19.2,14,13.8,19.3,20,43.3,47.1,22.6,3
"644",644,16,15.9,14.2,24.3,20.1,39,51,16.8,3
"645",645,13.6,8.4,9.5,17.3,14.6,43.7,45.5,17.8,3
"646",646,26.5,19.4,18.5,21.6,24.3,50.5,57,25.8,3
"647",647,13.3,16.1,17.6,22.8,19.2,40.9,47,22.6,3
"648",648,26.1,12.8,15.6,21.7,17.9,63.5,56,15.1,3
"649",649,26.2,18.6,13.6,10.8,20,39.7,44.8,22.3,3
"650",650,18.7,12.2,18.7,5.8,21.9,47.7,47.2,18.4,3
"651",651,16.8,16.2,11.9,12.6,20.2,43.3,52,29.1,3
"652",652,29.6,27,16.9,12.1,24.1,52.6,54.9,16,3
"653",653,18.6,16.4,17.7,16.4,21.3,50.8,49.6,16.8,3
"654",654,11.5,7.5,15.1,7.1,14.1,35.4,41.4,14.9,3
"655",655,9.3,14.1,12.3,4.7,15.9,26.2,38,20.9,3
"656",656,19.4,17.4,16.7,14,21,47.7,49.3,21.1,3
"657",657,33.6,26.3,13.5,16.9,21.6,50.6,59.3,22.7,3
"658",658,12.5,12.8,17.4,11.3,17.6,42.6,46.4,21.8,3
"659",659,17.7,17.3,15.7,17.5,17.4,44.6,50.7,16.5,3
"660",660,22.6,13.5,13.6,20.9,15.2,40.7,48.7,20.6,3
"661",661,41.2,22.5,18.6,17.1,17.9,44.8,50.6,12.9,3
"662",662,11.1,14,11.1,9,16.2,43.4,31.5,19.1,3
"663",663,9.9,11.4,12.9,10.8,18.6,29,36.7,24.6,3
"664",664,11.9,12.5,18.7,6.2,17.3,37.5,41.6,21.7,3
"665",665,18.3,13.3,14.9,8.1,18.3,40.9,50.5,15.3,3
"666",666,15.7,17.8,17,29.1,25.9,48.6,49.6,11.6,3
"667",667,17,12.1,11,15.9,22.6,44.7,42.9,19.1,3
"668",668,21.5,21.9,19.3,8.1,22.5,40.1,55.8,15.9,3
"669",669,11.8,12.9,14.5,4.7,19.2,44.7,56.3,16,3
"670",670,13.2,12.3,15.2,13.4,19.2,42.8,37.4,16.6,3
"671",671,17.5,14.5,13.5,70.3,18,41.9,38.9,20.8,3
"672",672,14.3,12.5,18.1,16.4,20.5,40.8,42.4,29.8,3
"673",673,17.2,15.3,14.7,18,13.4,36.2,36.8,19.8,3
"674",674,34.5,21.4,14.8,17.2,20.5,48.8,54.9,20.1,3
"675",675,30.2,14.6,16.6,11.9,35.2,53.7,53,14.6,3
"676",676,17.4,14.4,13.8,4.6,22,41.1,39.6,18.2,3
"677",677,14.3,13.4,14.8,11.7,22.1,41.3,48.8,15.8,3
"678",678,11.7,11.3,11.6,16.2,18.8,34,38.7,18.3,3
"679",679,17.5,17.6,17.1,20.2,20.3,44.4,45.8,19.3,3
"680",680,18.5,16.9,17.5,25.1,18.8,38.9,50.5,27.6,3
"681",681,17.5,12.7,12.2,18.3,17.7,36.6,42.8,25.2,3
"682",682,19.6,14.2,14,21,19.5,39.2,40,22.9,3
"683",683,17.8,13.1,16.8,23.6,13.7,37.6,46.4,21.7,3
"684",684,15.3,16.4,14.4,15.2,25.4,50,48.8,23.1,3
"685",685,13.6,12.7,14.3,20.5,17.4,38.1,38.1,22.7,3
"686",686,22.8,16.4,15.9,16.5,21.7,39,46.5,27.8,3
"687",687,13.2,11.3,15.2,17.5,22.2,39.9,44,21.3,3
"688",688,23.6,15.4,12.7,14.7,24.6,39.3,47.6,19,3
"689",689,20.7,15.7,17.4,24.7,20.3,38.4,35.7,22.5,3
"690",690,27.3,20,15.7,23.8,22.1,41.2,53.5,24.6,3
"691",691,16.1,14.3,14.5,20,18.5,37.4,47.3,24.3,3
"692",692,27.3,12,11.6,0,22.8,61.5,56,12.7,3
"693",693,10.4,13.6,14.1,19.2,23.2,41.2,39.4,18.4,3
"694",694,24.7,17.7,14.5,4.5,17.3,49.6,50.2,19.6,3
"695",695,26.6,18.7,20.2,18.7,23,43.3,46.2,19.5,3
"696",696,17.7,18.2,17.8,19,22.1,48.5,46,18.8,3
"697",697,16.6,10.2,15.5,8,14.5,33.7,45.8,16.6,3
"698",698,12.1,13.1,12.9,13,14.6,28.3,37,23.4,3
"699",699,19.1,15,17.5,4.7,17.7,37.1,42.1,19.1,3
"700",700,29.8,22.3,14.7,15.4,25.2,48.1,50.9,17.6,3
"701",701,16.4,15.3,14.4,24.8,13.4,36.6,39.3,23.2,3
"702",702,29.9,16.5,14.8,21.2,34.6,45,50.5,22.7,3
"703",703,22,16.1,17.6,14.8,24.2,37.1,43.9,20.8,3
"704",704,19,11.2,12.8,16.2,19.9,38.6,36.5,25.4,3
"705",705,33.5,18.8,18.3,21.3,35.4,39.3,47.2,21.6,3
"706",706,16.9,15.5,21.3,13.9,23.7,41.4,35.2,18,3
"707",707,13.1,13,15.8,9.1,21.3,35.3,38,22.4,3
"708",708,22.6,18.4,14.7,6,27.3,41.1,37.7,21.7,3
"709",709,16.9,15.9,16.6,5.4,29.9,49.5,48.6,13.8,3
"710",710,19.4,12.1,14,17,25.9,39.3,39.6,21.1,3
"711",711,12.7,17.6,23.8,12.1,17.2,42.3,55.2,18.6,3
"712",712,12.8,12.4,15,7,20.1,40.6,52.9,17.8,3
"713",713,11,9.4,15.9,16.6,17.8,32.7,39.9,26.3,3
"714",714,20.2,11.8,14.6,65.6,22.2,43.4,46.6,23.5,3
"715",715,22.1,9.5,22.7,20.4,27.1,39.6,37.5,24.4,3
"716",716,34,18.2,19.4,21,25.8,37,40.2,18.1,3
"717",717,17.3,13.7,14.5,4,23.5,37,38.2,20.4,3
"718",718,17.2,11.4,14.1,11.6,25.9,39.4,44.7,18,3
"719",719,15.3,9.9,12.7,19.2,17.6,37,41,20.4,3
"720",720,22.8,15.5,14.3,24.8,23,47.4,46.9,21,3
"721",721,31,19,14.8,18.1,31.8,43.3,52.8,17.3,3
"722",722,26.5,12.9,9.2,23.1,23.8,34.1,45.5,25,3
"723",723,20.9,9.3,14.2,19.8,21.9,34.6,41.4,23.9,3
"724",724,21,12.7,16,21.9,25.1,36.5,36.9,23.5,3
"725",725,26.3,16,17.4,29.1,18.4,34.4,43,25.9,3
"726",726,13.7,12.4,15.6,17.2,27.4,38.6,39.8,26,3
"727",727,13.8,11,13.9,14,18.8,37,42.7,20.3,3
"728",728,21.7,15.7,16.7,17.1,22.8,38.7,46.5,25.6,3
"729",729,14.8,13.7,13.4,17.4,22.3,39.8,42.9,20,3
"730",730,29.3,14.9,13.7,14.7,27.9,41.5,45.8,19.3,3
"731",731,19.5,12.8,15.8,29,18.7,38.8,38.3,23,3
"732",732,29.3,19.8,12.6,29,28.2,38.8,53,27.5,3
"733",733,20.2,14.8,15.2,16.8,26.6,42.1,42.8,24,3
"734",734,29.6,9.9,13.3,31.7,27.4,51.8,44.8,17.7,3
"735",735,13.9,12.7,11.6,18.5,18.8,36.6,38,22.5,3
"736",736,26.3,17.9,18,10,26.3,51.1,50.7,25.6,3
"737",737,26.7,11.9,13.8,8.8,17.6,44.7,42.6,19.2,3
"738",738,30.3,18.6,16.3,18.2,29.1,46.1,48.1,23.7,3
"739",739,15,12.5,13,11.5,18.6,26.4,33.3,21.3,3
"740",740,18.8,14.7,13.5,3.2,25.1,36.5,40.4,23,3
"741",741,33.4,19.7,17.8,8.6,29.1,44.2,44.3,20.7,3
"742",742,23.4,9.9,13.7,14.2,20.6,32.6,40.7,24.8,3
"743",743,35.7,15.2,14.1,21.1,30.1,37,45.5,21.4,3
"744",744,17.2,10.6,13.6,15.6,18,37.2,37.4,20.9,3
"745",745,18,9.5,11.3,16.1,25.6,36.8,37.8,20.5,3
"746",746,30.8,16.6,12.5,12.7,31.5,39.5,44.7,27.4,3
"747",747,13.3,12.4,15.7,23.4,23.7,33.8,38.6,25.9,3
"748",748,18.7,13.9,12.5,7,31.3,39.6,39,19,3
"749",749,20.9,12.3,16,19.9,29.2,42.1,39.9,22.5,3
"750",750,26,13.3,16.4,19.9,31.5,43.6,49.9,16.8,3
"751",751,12.8,14.9,14.1,4.8,27,49.6,49.8,21,3
"752",752,16,10.3,17.5,12,16.1,28.3,36.7,25,3
"753",753,22.2,12.2,11.9,65.4,30.7,39.1,36.9,22.2,3
"754",754,23.1,13.8,17.6,23.7,26.7,35.1,40.5,26.4,3
"755",755,32.8,13.9,15.1,19.9,24.6,44.4,45,24.2,3
"756",756,17.6,11.1,16.8,17.2,27,33.8,41.1,23.6,3
"757",757,18.3,11.6,13.9,3.1,22.5,36.6,36.9,20.4,3
"758",758,17.5,10.9,13.6,14.5,29.4,36.2,39.6,20.2,3
"759",759,14.2,7.8,11.7,11.3,22.1,38.1,42.7,19.4,3
"760",760,18.8,12.7,13.7,26.4,24.8,36.6,40.4,25.2,3
"761",761,32.5,14.7,12.6,24.8,33.6,43,50.2,26.7,3
"762",762,25.9,10.5,17,23.5,24,39.5,45.9,25,3
"763",763,18,9.2,9.6,23.7,22,32,39.6,25.7,3
"764",764,26,13.5,16.2,20.2,31.3,36.9,38.3,24.3,3
"765",765,22,16.1,10.9,33.3,23.1,34.5,38.5,27.5,3
"766",766,22.9,12.1,11.8,10.1,29.6,40.6,43.1,19.3,3
"767",767,17.4,11.2,14.1,8.9,20.5,42.7,41,19.9,3
"768",768,11.6,8.3,13.4,54.5,29.4,39.2,38.3,27,3
"769",769,21.7,11.6,13,18.8,25.7,33,40.7,28.6,3
"770",770,21.3,9.9,12.3,21.2,27.9,35,39.7,23.8,3
"771",771,30.3,13.7,14.8,19.3,30.9,41.3,43.6,21.2,3
"772",772,26.7,14.4,16.3,13.6,20.2,37.4,37.1,20.8,3
"773",773,19.4,10.2,15.7,60.5,30.2,36.1,39.6,23.2,3
"774",774,29.3,11.8,16.8,26.1,33.9,41.5,49.4,30,3
"775",775,15.5,10.5,16.9,21.4,26.5,34.1,37.6,19.5,3
"776",776,31.8,11.2,17.6,18.8,32,38.5,48.8,19,3
"777",777,23,11.7,11.1,11.4,27.7,38.3,40.8,21.9,3
"778",778,35.7,16.3,14.5,14.8,36.6,45,41.4,21.4,3
"779",779,23.9,15.9,14.7,22.9,30.3,44,46.6,24.6,3
"780",780,14.6,5,10.1,11.2,14.2,28.5,34.4,19.8,3
"781",781,21.5,11.5,16.8,12.8,24.3,37.3,37.7,24.3,3
"782",782,25.1,14.8,15.5,6.2,29.7,38.7,37.6,19.8,3
"783",783,35.4,14.9,16.5,15.4,28.5,35.4,35.8,24.7,3
"784",784,19.5,10,11.2,29.3,19.4,26.4,32,22,3
"785",785,27.1,11.9,12.7,23.1,22.7,32,42.7,22.8,3
"786",786,44.4,12.5,20.9,19,41.5,44.6,49.3,22.2,3
"787",787,19,9,12.9,15.8,27.8,32.9,40.7,22.4,3
"788",788,25.9,9.1,12.5,21.7,32.3,41.3,40.1,24.2,3
"789",789,38.4,11,12,12.7,29.9,50,51.7,16.8,3
"790",790,22,5.2,11.3,16.4,20.1,34.5,40.3,22.6,3
"791",791,29.6,11.2,13.2,9.5,26.7,35.5,35.3,22,3
"792",792,23.6,12.2,13.5,18.5,35.3,45.1,48.2,21.6,3
"793",793,27.7,18.6,19,11.3,40.9,46.6,44.1,14.5,3
"794",794,23.4,10.5,11.4,19,34.5,41.6,38.2,23.9,3
"795",795,29.9,13.8,12.3,22.8,38.8,40.8,46.1,20.5,3
"796",796,16.7,12.5,12.5,4.8,31.9,39.5,50.8,18,3
"797",797,19.2,10.1,10.2,17.6,20.6,29.5,34.4,23.2,3
"798",798,21.6,8.3,13.7,81.9,27.9,38.7,37.3,24.1,3
"799",799,29.5,15.2,17.8,10.5,26.8,40.5,50.8,14.9,3
"800",800,28.9,13.4,14.7,20.1,22.3,35.5,37,23.2,3
"801",801,27.4,8.8,11.5,29.3,24.5,27.6,36.2,29.5,3
"802",802,34.7,18.3,16.9,14.8,24.5,40.4,47.2,21.2,3
"803",803,16.5,11.2,14.6,4.4,24.6,35.5,36.8,22.3,3
"804",804,26.7,11.2,13.3,13.9,32.3,40.3,35.5,20.4,3
"805",805,15.8,9.8,13.4,14.4,28.7,43.5,45.3,21.5,3
"806",806,22.2,10.4,15.9,20.3,32.6,33.8,37.6,20.4,3
"807",807,39.4,15.5,16.6,16.6,38.9,44.6,41.2,21.6,3
"808",808,23.3,7.5,13,22.5,20.1,33.5,42.7,26.4,3
"809",809,27,12.5,14.7,24.2,30.4,36.3,37.9,25.1,3
"810",810,29.4,12.3,13.8,26.2,23.7,39.8,43.8,21.9,3
"811",811,22.9,11.4,13.9,27.7,22.5,29.7,35.9,29.1,3
"812",812,17.3,12.4,16.3,57.2,38.4,38.5,43.6,34.6,3
"813",813,26.7,14,13.2,20.9,29.4,37,43.3,21.7,3
"814",814,20.9,11.1,15.4,18.4,27.3,40,36.6,23.6,3
"815",815,27.1,8.9,14.1,10.2,34.8,37.6,44.4,25.1,3
"816",816,33.8,8.6,13.8,31.8,23,38.4,40.7,23.7,3
"817",817,28.7,11.8,9.8,11.9,32.6,41,47.9,16.9,3
"818",818,43.9,17.8,13.4,25,26.7,40.7,46.3,31.1,3
"819",819,19.8,10.9,13.4,25.3,26.5,36.4,38.9,25.2,3
"820",820,31.1,13.6,12.3,8.6,37.5,49.9,53.9,18.7,3
"821",821,35.8,11.2,12.8,17.7,27.9,42.7,48.3,22.9,3
"822",822,37.9,14.5,16.8,12.5,36.8,42.4,45.5,27.8,3
"823",823,28.8,15.6,13.1,19.9,34,43.8,42.3,22.4,3
"824",824,15.5,8.5,14,9.5,16.4,31.5,33.3,17.2,3
"825",825,15.5,9.8,12,10.5,19.2,25.9,28.7,22.9,3
"826",826,26.5,9.6,18.2,5.7,34.8,43.3,36.3,20.4,3
"827",827,35.3,15.9,14,11.7,29.3,33.5,38.6,25.2,3
"828",828,25.4,10.8,14.9,18.6,23.7,35.5,35.1,20,3
"829",829,26.5,7.5,13.4,18.8,21.3,32.4,39,20.8,3
"830",830,37.7,11.7,17.3,17.6,31.6,43.7,50.2,14.6,3
"831",831,18.1,13.6,11.4,17.8,21.6,30.1,38.8,21,3
"832",832,25.3,15.5,15,28.3,33.7,43.2,42.1,23,3
"833",833,36.1,15.8,13.8,18.3,32.8,43.7,53.1,23.8,3
"834",834,23.1,8.7,7.4,18.5,25.5,35.1,37.5,20.4,3
"835",835,26.6,11.8,16.3,44.7,35.5,38.1,38.6,20,3
"836",836,31.6,14.2,15.8,13.8,35.8,44.6,43.1,21.6,3
"837",837,26,11,12.5,21.8,33.2,41.5,39.9,23.6,3
"838",838,26.9,9.9,14.8,22.8,35.7,40.4,41,22.4,3
"839",839,21.1,12.2,10.9,7.6,30.8,38.6,49.4,11.7,3
"840",840,17.4,7.3,11.8,22.6,19.3,33.2,38.1,22.7,3
"841",841,30.6,13.8,13.7,67.1,32.3,42.1,37.6,21.4,3
"842",842,29.9,12,17.1,14.5,26.5,41.2,49.8,18.9,3
"843",843,31.6,14.1,12.5,16.3,27.1,35,38.9,28.6,3
"844",844,34.1,18,15.7,17.7,26.5,41.2,46.8,17.9,3
"845",845,37.1,14.6,13.1,20.9,37.8,37.4,44.7,23.5,3
"846",846,21,12.1,15.2,4.2,24.7,32.6,41.5,16,3
"847",847,24.4,12,15.4,19.1,36.7,38.3,31.1,28.4,3
"848",848,20.3,9.8,12.5,21,28.2,44.8,42.4,16.3,3
"849",849,28.3,10.4,11,31.4,30.8,38.7,40.4,22.7,3
"850",850,40.3,19.5,14.7,18.5,47.6,47.2,46.7,22.3,3
"851",851,35.7,17.7,12.2,30.4,36.1,39,41.8,24.4,3
"852",852,25,11.5,10.7,22.1,21.3,34,42.9,18.4,3
"853",853,28.3,13.4,14.6,22.4,29.7,36.6,37.1,26.4,3
"854",854,21.6,9.6,13.1,14.5,35.6,41.3,49.7,19.4,3
"855",855,23.8,16,9.7,14.2,24.3,34.5,32.6,19.4,3
"856",856,20.1,10.7,15.5,22.2,34,37.6,36.3,23.9,3
"857",857,30,14.8,15,18.1,30.3,35.8,45.4,21.8,3
"858",858,25.6,8.4,15.6,16.8,34.4,39.8,40.3,20.2,3
"859",859,32.4,14.5,16.6,12.8,34.5,39.9,42.9,18.9,3
"860",860,25.6,9.6,12.9,9.5,23.8,41.6,42.1,16.9,3
"861",861,39.7,16.6,19,29.2,24.3,46.6,46.3,24,3
"862",862,27.6,10.4,14.6,19.7,29.2,34.2,39,24.9,3
"863",863,18.7,11.6,14.8,22.4,25.1,34,30.8,25.9,3
"864",864,35.1,17.2,16.5,6.7,41.4,45.9,55.6,14.4,3
"865",865,29.5,8.7,12.9,10.9,18.4,38.5,42.1,19.6,3
"866",866,41.3,17.1,16.2,13.3,32.4,43,50.5,20.4,3
"867",867,32.2,14.9,17.8,16.5,34.9,45,47.2,19.3,3
"868",868,17.7,3.5,7,12.1,12.5,29.7,32.2,21.8,3
"869",869,24.4,10.8,14.8,12.1,19,26.3,33,19.9,3
"870",870,40.8,15.1,11.8,13.1,30,38.3,40.5,19.3,3
"871",871,21.9,8.2,12.9,33.3,22.8,38.2,34,19.3,3
"872",872,32,11.2,11.1,20.3,23.4,35.3,45.3,22.2,3
"873",873,19.1,7.7,12,17.2,18.6,33,42.2,14.6,3
"874",874,32.6,11.2,12.7,16.9,24.5,43.8,50.6,24.2,3
"875",875,42,10.4,19.9,27.1,31,43.3,47.3,25.5,3
"876",876,29,11.5,12.2,18.9,27,32.3,37.7,19.5,3
"877",877,31.3,12.6,15.1,23.2,34.8,47.4,47.4,20.7,3
"878",878,32.4,17.3,16.6,7,49.7,49.3,43,18.4,3
"879",879,31.7,9.6,15.1,19.2,34.9,39.8,42.6,22.6,3
"880",880,33,10.8,16.5,26.9,38.1,37.8,40.2,18.5,3
"881",881,18.9,14.3,12.4,6.5,24.3,41.2,48.2,17.9,3
"882",882,22.1,10.6,9.4,27.5,18,36,44.2,21.2,3
"883",883,31.3,13.9,13.6,58.3,26.2,46.1,35.3,19.6,3
"884",884,32.8,11.4,17.3,9.5,26.3,37.1,43.6,18.8,3
"885",885,31.1,10.4,12.7,16.3,22.2,26.3,39.6,18.5,3
"886",886,39.5,10.1,12.2,26.2,20.4,31.4,44,26.1,3
"887",887,42.3,14.6,13.5,19.6,24.9,40.4,54.9,17.8,3
"888",888,37.9,15.1,20.6,24.7,35,53.7,58.6,21,3
"889",889,20.3,9.5,13.1,4.1,18.7,26.9,40.7,14.3,3
"890",890,34.6,13.7,13.7,11.2,43.2,42.9,47,18,3
"891",891,26.5,10.9,12.9,13.5,25.9,28.3,35.1,18.4,3
"892",892,30.7,7.4,15.2,24.7,25.3,35,39.5,17.8,3
"893",893,42.7,13.1,16.1,18.4,41.4,40.7,42.6,18.2,3
"894",894,28,9.5,13.7,19.7,25.6,35.1,41.7,21,3
"895",895,24.4,10,13.5,20.4,19,33.5,41,18.4,3
"896",896,33.1,11.9,13.9,23.8,30.8,38.5,40.6,23.8,3
"897",897,22.3,13.1,11.5,23.7,28.6,43.3,49.3,18.7,3
"898",898,26.9,11.3,12.3,8,22.1,25.5,42.5,19.6,3
"899",899,26.9,9.3,17.6,19.9,21.6,38.3,46.2,17.5,3
"900",900,25.1,10.2,16.4,12.5,28.5,38.8,41,16.8,3
"901",901,35.2,10.8,15.4,17.7,33.6,45.7,50.9,19.1,3
"902",902,29,9.7,13.8,2.5,22.6,35.1,46.7,16.5,3
"903",903,30.3,12.6,14.8,9.5,29.6,38.7,49.9,23.6,3
"904",904,39.6,13.2,14.4,25.8,28.4,41.1,55.7,26.4,3
"905",905,22.7,10.1,15.3,23.4,21.1,31.9,40.5,17.5,3
"906",906,37.3,15.7,18.6,9.5,36,48.4,52,13.6,3
"907",907,26.9,10,13.1,10.7,23.2,44.5,53,21.6,3
"908",908,45.9,16.6,18.2,20.9,34.2,37.3,47.6,20.6,3
"909",909,34.6,16.1,16.4,26.9,35.6,45.5,47,18.6,3
"910",910,17.7,4.5,10.6,8.1,13.3,36.2,36.3,12.1,3
"911",911,26.2,11.3,13,11.5,22.1,26.8,33.2,23.6,3
"912",912,37.8,15.2,15.5,15.5,31.3,43.5,46.7,21.7,3
"913",913,25.3,10.5,11.3,8.6,21.9,39.1,39.1,16.1,3
"914",914,29.2,8.9,9.3,18.8,16.1,29.1,43.2,22.4,3
"915",915,22.7,16.8,26.6,44.9,22.1,51.2,48.1,25.3,4
"916",916,14.9,13.9,15,19.6,16,37.3,45.1,22.2,4
"917",917,12.9,13.7,18.7,46.8,20.6,47.5,50.9,25.8,4
"918",918,23.2,19.3,20,21.8,23,53.2,52.2,23.3,4
"919",919,12.7,14.2,14.2,49.8,20.6,40.1,37.2,30.2,4
"920",920,13.5,11.2,9.3,18.9,22.4,32,40.4,27.4,4
"921",921,13.8,15.1,15.2,53.6,20.5,38.9,35.3,28.5,4
"922",922,15.8,16.1,18.2,17.7,26,49.9,44.8,16.1,4
"923",923,16.9,13.7,17.8,35,22,50.1,45.3,22.7,4
"924",924,17.6,19.8,15.8,21.2,23.1,50.3,50,25.3,4
"925",925,11.6,24.5,18.5,10.1,20.1,46,55.1,19.1,4
"926",926,8.6,14.6,13.2,10.6,16.9,43.1,55,17.6,4
"927",927,10.8,14,11.8,22.8,16.7,39.9,45.3,23.6,4
"928",928,14,14.4,15.4,34.2,13.9,44.3,41.3,29.5,4
"929",929,15.6,16,16.2,11.9,18.6,45.4,45.4,27.4,4
"930",930,17.9,16.5,16.6,24.2,18.5,42.9,44.6,27.4,4
"931",931,26.2,15.6,19,36,19.3,50.7,49.8,23.6,4
"932",932,18.9,14.9,18.9,40.1,21.2,54.7,52.8,24.8,4
"933",933,15.1,13.8,14.8,7.7,19.7,38.8,38.4,21.8,4
"934",934,11.6,12.3,16.3,27.5,20.4,44,46.2,21.5,4
"935",935,10.4,11.4,15.4,29.6,13,39,42,27.7,4
"936",936,11.7,16.1,17.9,29.7,18.5,44.6,42.6,26.1,4
"937",937,21.8,20,19.5,32,30.4,58.3,46.3,25.2,4
"938",938,17.5,18.8,18.9,41.5,23,44.2,48.8,31.5,4
"939",939,11.3,9.3,13.4,44.7,20.1,39.6,43.3,28.9,4
"940",940,14.5,14.8,15.7,34.7,20,41.4,40.8,27.2,4
"941",941,14.7,14.5,10.4,30.3,13.7,46.2,41.1,38.3,4
"942",942,10.2,13.9,16.6,35.4,20.1,41.7,52.5,19.2,4
"943",943,10.2,12.6,14.9,26.4,16,40.8,49.9,24,4
"944",944,10.9,12.8,15.5,28.9,21.5,42.3,36.6,26,4
"945",945,19.7,15.9,16.8,38.7,20.6,43.2,47.6,31.4,4
"946",946,14.1,14.7,16.4,18.9,20.6,40.8,42.8,22.3,4
"947",947,19.3,17.3,16.3,41.7,23.9,49.2,49.9,23.1,4
"948",948,13.1,14.2,16,46.8,17.5,48.1,43.8,31.2,4
"949",949,16.8,20.6,10.3,19.8,16.6,44.3,47.2,26.1,4
"950",950,19.1,18.1,17,33.2,20.9,51.7,53.5,32.5,4
"951",951,12.4,14.1,13.5,30.1,20.1,39.7,43.3,26.4,4
"952",952,23.7,12.9,17.6,53.6,21.9,68.1,50.4,14.6,4
"953",953,10.2,13.3,15.5,7.6,13.7,43.6,39.8,21.6,4
"954",954,19.5,19.3,17.3,25.1,24.3,56.9,52.8,20.8,4
"955",955,11,10.7,16.4,33.3,22.8,44.6,45,33.1,4
"956",956,25.5,18.4,17.2,38.5,26.3,50.2,46.8,29.2,4
"957",957,19.1,19.3,15.5,58.3,22.9,52.9,52.1,23.6,4
"958",958,11,10.4,10.6,31.1,13.3,35.3,42.2,24.7,4
"959",959,13,12.4,14.2,16.9,16.7,29.4,36.6,25.3,4
"960",960,15.5,14.6,16.6,10.7,20.3,42.1,43.1,23.3,4
"961",961,30,21.7,17.8,45.3,23.3,48.2,49,31.5,4
"962",962,13.7,13,13.2,42.8,19.2,45.6,51.2,24,4
"963",963,12.1,12.5,19.8,21.1,19.7,42.9,42,21.4,4
"964",964,16,12.1,16,58.3,19.2,43,42.6,27.4,4
"965",965,31.3,21.5,15.9,40.6,24.9,49.2,50.5,25.7,4
"966",966,12.9,13.8,16.4,64.8,22.3,47.4,41.6,34.2,4
"967",967,12.3,7.2,12.4,20.3,16.7,30.1,40,30.1,4
"968",968,8.5,12.8,15.1,11.5,16.8,37,35.7,25.5,4
"969",969,16.5,16.3,17.4,35.4,22.4,44.6,46.9,28.9,4
"970",970,18.8,16.7,20.3,18.7,30.4,51.3,47.3,16.1,4
"971",971,17.9,9.7,14.3,33.2,23.4,45.7,38.5,26.6,4
"972",972,19,24.8,17.7,7.4,23.3,46.9,51.9,26.3,4
"973",973,10.2,14.5,14.5,7.7,17.8,45.7,47.1,24.1,4
"974",974,10.8,11.1,13.9,23.1,16,34.9,36.6,28.9,4
"975",975,19.5,17,18,61.8,21.5,45.8,46.6,25.7,4
"976",976,18.9,15.1,17.3,18.7,22.5,48.1,41.7,30.6,4
"977",977,14.8,12.3,17.5,46.6,15.3,42.9,37.7,33.3,4
"978",978,25.3,19.4,15,34.7,21.2,49.7,48.8,27.2,4
"979",979,29,19.1,18.9,47.5,25.8,55.9,51.2,24.8,4
"980",980,14.3,13.3,18,10.2,25,38.7,40.3,23,4
"981",981,13.6,11.5,16.1,27.3,22.1,44,44.8,20.4,4
"982",982,9.5,14.1,16.4,19.6,16.6,37.9,39.2,24.5,4
"983",983,18.3,14.1,18,33.9,20.9,40.2,41.9,28.3,4
"984",984,26,18.5,16.3,32.2,21,47.6,50.5,33.2,4
"985",985,14.3,11.6,16.1,52.1,18.5,37.4,40.9,31,4
"986",986,17.9,13.1,15.7,42.3,20.9,43.9,38.1,30.6,4
"987",987,17.6,16,15.6,35.7,23.4,41.9,42.7,33.6,4
"988",988,13.3,12.4,14.9,39.7,28.1,45.1,47.1,25.1,4
"989",989,11,12.9,15.1,32.4,22.2,44.8,36.9,24.9,4
"990",990,18,12.3,17,38.5,22.2,41.7,45,33.2,4
"991",991,12.5,11.4,18.1,15.8,19.4,40.2,38.8,28.8,4
"992",992,21.2,14.3,16.4,48.4,22.7,39,40.3,26,4
"993",993,13,11.7,15.1,47.4,17.9,39.4,37.3,33.8,4
"994",994,21.5,16,17.1,36.9,25.6,53.5,54.9,31.7,4
"995",995,17.8,12.8,17.9,19.9,24.7,42.6,43.8,22.4,4
"996",996,26.8,11.4,12.8,0.5,23.8,67.2,55.8,17,4
"997",997,10.9,15.2,15.8,10.6,23.1,43.4,42.7,25.6,4
"998",998,29.9,17.7,17.4,39.9,27.8,50.4,49.1,24.2,4
"999",999,22.5,21.8,17.5,45,22.1,47,47.1,30,4
"1000",1000,18.5,17.9,18,45.9,22.3,47.7,43,29.7,4
"1001",1001,12.5,9.4,13.1,46.2,17,34.4,37,23.2,4
"1002",1002,10.6,12.1,14.3,25.3,24,30.6,34.6,27.5,4
"1003",1003,14.3,10.6,19.2,23.6,20,39.8,43.5,26.2,4
"1004",1004,23.9,16.4,16.3,50.8,25.1,47.9,45.2,29.9,4
"1005",1005,14,15.3,16,41.8,19.6,42,38.6,24.8,4
"1006",1006,28.1,14.8,21.1,54.8,30.2,56.2,53,31.5,4
"1007",1007,19,13.2,19.3,22.6,23.3,38.2,43.4,22.8,4
"1008",1008,21.1,11.9,15.4,47.4,25.8,40.1,37.2,32.7,4
"1009",1009,27.1,16.4,20.1,41.4,30.1,45.1,43,35.7,4
"1010",1010,11.4,12.4,14.9,70.5,27.4,40.3,32.2,32,4
"1011",1011,12.2,14,16.3,17.4,20.6,36.1,39.8,29.2,4
"1012",1012,18.5,14.9,15.4,18.4,31.3,41.1,37.9,29.7,4
"1013",1013,20.5,14.4,19,13.3,34.9,47.4,45.1,17.3,4
"1014",1014,22.4,12.7,15.6,33.9,28.1,48.2,40.9,25.3,4
"1015",1015,17.5,21.6,24.3,16.2,25.6,46.1,52.3,22.3,4
"1016",1016,13.7,13.7,15.2,7.3,23.2,42.6,49.6,21,4
"1017",1017,14.7,11.2,13.3,29.6,18.4,36.6,36.6,34.2,4
"1018",1018,16.4,10.1,14.8,55.5,21.4,42.7,38.7,29.7,4
"1019",1019,16,13.7,17.7,48.3,19,46.1,41,29.3,4
"1020",1020,28.5,16.4,16.6,37.6,23.3,51.7,50.8,22,4
"1021",1021,23.7,13.1,15.3,8.7,23.3,38.1,40.5,23.3,4
"1022",1022,16.4,11.2,15.4,27.4,27.2,41.6,42.6,22,4
"1023",1023,11.8,8.5,16.8,22.9,23.4,37.5,34.4,27.8,4
"1024",1024,17.6,16.7,16.4,30.2,21.6,44.9,43.1,24.5,4
"1025",1025,30.9,18.6,18.1,33.7,39.2,50,49.7,27.3,4
"1026",1026,18.5,13.5,15,32,22.2,46.4,46,28.2,4
"1027",1027,16.9,10.2,15.8,42.8,23.8,35.2,40.1,32.1,4
"1028",1028,19.4,13,16.8,42.2,25.7,41.4,36.5,31,4
"1029",1029,15.8,10.8,15,42.5,20.5,38.3,41.1,37.5,4
"1030",1030,12.8,12.5,12.9,47.9,19.9,41,40.6,31.3,4
"1031",1031,11.7,13.4,14.1,23,19.3,38.2,38,24.1,4
"1032",1032,21.8,16.2,16,42.4,26.3,40.8,43.3,36.8,4
"1033",1033,13.2,12.5,14.3,17.3,28.1,38.9,43.5,29,4
"1034",1034,28.5,15.1,16.6,45.7,37.1,43.6,41.5,27.2,4
"1035",1035,14.8,15.1,14.1,40.2,19.6,43.4,36.8,27,4
"1036",1036,28.3,16,16.7,36.1,32.4,46.6,40.9,34.1,4
"1037",1037,15.5,12.3,18,22.2,30.3,40.1,39.1,27.8,4
"1038",1038,32.4,10.5,15.1,42.3,32,67.5,42.4,20.7,4
"1039",1039,11.5,12.8,18.1,13.7,22.2,42,39.6,21.5,4
"1040",1040,28.6,14.7,16.9,48.9,31.4,59.9,51.6,23.9,4
"1041",1041,16.9,15.4,16.1,29.3,24,41.1,44.5,32.4,4
"1042",1042,27.2,18.8,18.4,46.1,31.6,52.1,47.5,27.6,4
"1043",1043,13.9,12,14.6,46.8,18.8,29.1,32.7,25.1,4
"1044",1044,16.5,12.8,16.4,28.4,21.7,41.8,42.1,29.7,4
"1045",1045,22.9,16.7,17.8,47.6,26.1,47.9,44.6,26.1,4
"1046",1046,15.9,10.8,15.6,31.7,21,38.6,38.9,29.2,4
"1047",1047,36.7,16.9,16.5,56.3,38.3,50,49.3,26.4,4
"1048",1048,15.5,12.4,14.1,16.1,21.7,41.3,37.9,23.3,4
"1049",1049,20.4,10.7,15.6,46.8,25.2,45.7,46.2,24.2,4
"1050",1050,34.3,17.7,19.1,36.5,37,41,49.3,33,4
"1051",1051,14.8,14.2,12.2,26.2,26.5,38.1,36.2,25.9,4
"1052",1052,25.7,14.5,17.8,18.7,38.2,39,37.4,25,4
"1053",1053,23.4,11,14.6,35.8,31.5,44.1,41,27.9,4
"1054",1054,22.8,10.3,16.2,52.2,31.4,46.5,41.4,28.8,4
"1055",1055,19.6,11.9,14.3,9.1,30.7,40,41.7,24.5,4
"1056",1056,13.1,9.5,15.8,27.6,18.5,35.9,34.2,29.2,4
"1057",1057,19.8,10.1,15.6,65.8,28.1,43.5,37,28.5,4
"1058",1058,19.8,11.2,16.6,34.8,24.7,39.9,40,30.4,4
"1059",1059,31.8,18.6,15.4,33.6,31.1,44.3,48.2,22.6,4
"1060",1060,39.3,16.1,16.3,43.1,42.1,53.5,52.1,29.7,4
"1061",1061,13.7,12.4,14,7,25,33.5,38.9,24,4
"1062",1062,18.6,11.3,15.9,30.5,33.4,40.7,40.5,23.1,4
"1063",1063,14.8,11.4,14.4,20.5,26.5,36.6,39.7,24,4
"1064",1064,19.6,12.7,15.6,35.1,27.9,39,40.1,30.3,4
"1065",1065,38.4,19.8,12.5,30.6,44.9,49.7,46.5,29.3,4
"1066",1066,21.3,19.1,16.9,41.3,30.1,44.9,43.6,28.1,4
"1067",1067,17.1,8.4,13.4,49.4,23.8,33.7,37.7,29.7,4
"1068",1068,29.3,13.2,18.2,42.2,34.9,40.9,37.8,30.4,4
"1069",1069,22.6,10,16.2,47.6,24.7,38.4,35,38.9,4
"1070",1070,15.3,10.3,15.2,40.5,27.7,40,35.6,31.6,4
"1071",1071,15.1,8.9,16.1,26.8,23.1,29.7,28.7,27,4
"1072",1072,11.3,9.1,14.5,45.1,28.3,37,35.5,30.7,4
"1073",1073,22.1,12.1,16.2,36.1,27.7,39.8,41.4,35.9,4
"1074",1074,21.6,11.4,15.4,16.4,27.1,34.9,36.1,26.7,4
"1075",1075,28.3,11.5,17.5,39.9,32.2,37.6,41.1,31.2,4
"1076",1076,20.7,11.5,12.2,38.5,20.5,40.7,32.4,30,4
"1077",1077,21.2,15.3,17.2,35.8,36.1,42.7,40.4,31.8,4
"1078",1078,34.8,13.2,16,36.9,33.6,50.2,49.1,38.5,4
"1079",1079,21.7,9.7,16.8,24.8,28.1,40.9,39.2,24,4
"1080",1080,28.7,13.8,16.6,40,32.9,46.4,43.8,29.8,4
"1081",1081,20.1,13.7,14.4,33.6,24.1,34.2,34.3,32.2,4
"1082",1082,35.3,20.3,17.4,35.3,34.8,46.7,48.2,28.2,4
"1083",1083,27.5,13.7,15.1,57.2,36.7,53.4,45.3,38.1,4
"1084",1084,11.6,6.2,11.5,33.2,15.6,28.8,31.9,24.8,4
"1085",1085,14.8,13.8,15.7,17.3,19.4,35.5,36.9,27.6,4
"1086",1086,20.4,12.2,15.6,19.2,31.1,41.1,39.5,27.1,4
"1087",1087,40.6,14.8,14.9,54.5,35.4,44.6,42.6,36.3,4
"1088",1088,24.1,11.8,12.4,41.1,26.9,33.6,30.6,26.7,4
"1089",1089,21.4,8.8,13.5,32.4,23.3,34.3,40.3,31.6,4
"1090",1090,43.3,16.2,12.3,59.3,40.3,44.6,46.8,34.6,4
"1091",1091,18.4,12.1,14.7,21,24.8,34.9,37.5,23.1,4
"1092",1092,26,11.9,13.6,45.1,27.8,38.1,40.3,29.1,4
"1093",1093,32.8,14.1,18,41.6,33.1,43.2,48.2,32.1,4
"1094",1094,24.4,7.1,10.8,41.4,22.5,33.9,40,39.2,4
"1095",1095,23.5,15,14.2,31.5,25.9,38.2,35.7,30.5,4
"1096",1096,23.7,12,22.5,30.7,40.1,47.9,46.9,27.1,4
"1097",1097,22,11.6,14.8,10.4,35.9,45.3,34.7,15.9,4
"1098",1098,27.9,10.5,14.6,30.5,41,45.2,36.9,26,4
"1099",1099,27,14.6,17.2,42.3,35.2,45.6,42.4,27.3,4
"1100",1100,20.2,13.8,16.3,12.2,33,43.8,44.2,24.1,4
"1101",1101,18.9,7.6,14.3,27.4,23.4,33.9,32.6,27.7,4
"1102",1102,27.9,12.9,15.5,63.8,27.8,43.5,37.5,25.5,4
"1103",1103,27.6,12.9,14.2,28.6,27.6,42.2,42.1,33.3,4
"1104",1104,27.4,14.7,16.6,25.6,26,35.2,30.3,35.2,4
"1105",1105,20.5,10,14.4,31.9,27.8,42.3,42.9,34.1,4
"1106",1106,36.5,16.1,15.5,30.1,35.2,41,48.9,24.2,4
"1107",1107,38.1,14.6,21.1,50.7,46.4,54.2,49.2,23,4
"1108",1108,22.9,12.2,15.5,11.9,24.4,34.4,36.8,27.1,4
"1109",1109,26.8,12.9,16.6,32.4,39.4,41.2,42.5,27.2,4
"1110",1110,20.5,10.4,14.5,22.5,26.4,33.5,37.6,23.9,4
"1111",1111,22.7,13.6,16,41.4,28.1,40.8,39.7,33.5,4
"1112",1112,42.8,18,15,39.5,47.1,42.4,39.7,30.5,4
"1113",1113,21.8,8,12.7,38.5,21.8,34.3,35.8,31.8,4
"1114",1114,29.7,13.6,17.3,41.3,33.9,39.2,36.7,30.7,4
"1115",1115,24.2,12.2,13.4,39.3,24.8,39.6,38.6,34.1,4
"1116",1116,24.6,14.1,15.6,24.3,27.9,31.2,34.9,28.2,4
"1117",1117,20.1,9.1,16.5,55.7,29.8,30.6,36.5,34.6,4
"1118",1118,27.8,12.8,14.6,38.7,28.5,36.8,38.3,30.4,4
"1119",1119,23.3,12.2,13.8,16,34,38.7,31.7,28.2,4
"1120",1120,30.5,13.5,18.2,12.5,37.5,41.5,47.1,27.1,4
"1121",1121,24.2,11.8,16.3,49.4,22.7,40.1,32.3,30.6,4
"1122",1122,23.9,13.1,18.2,42.9,28.1,42.7,41.8,34.3,4
"1123",1123,32.5,16.2,18.8,37,33.5,45.4,43,34.5,4
"1124",1124,21.7,11.5,16.1,19.5,30.7,36.9,35.5,27.4,4
"1125",1125,31.8,14.9,18.5,46.3,41.1,48.5,46.6,32.1,4
"1126",1126,24.6,6.9,13.6,41.5,22.3,38.3,38.3,34.2,4
"1127",1127,38.3,15.9,16.8,36.6,38.5,42.1,45.4,31.8,4
"1128",1128,30.1,16.4,17.2,50.5,36.5,47.7,43.3,29.2,4
"1129",1129,13.1,8.1,12,33.9,19.8,32.7,32.7,23.8,4
"1130",1130,15,9.2,13.5,16.8,24.7,28.7,32.2,26.9,4
"1131",1131,30,12.8,16.9,26.7,29.6,42.5,42.1,29.9,4
"1132",1132,38.9,13.5,18.8,43.5,31.1,36.1,42,31.2,4
"1133",1133,23.6,9.5,17.5,35.8,27.4,36.8,36.4,32.8,4
"1134",1134,26.1,12.9,12.5,36.7,20.6,30.7,37,30.3,4
"1135",1135,36.6,13.9,18.9,50.3,36.9,46.3,51.9,23.5,4
"1136",1136,17.5,9.2,16.1,21.9,25.5,40.2,40.7,23.4,4
"1137",1137,31.3,11.9,15.2,51.7,37.1,41.8,38.3,29.5,4
"1138",1138,32.7,12.8,15.3,34.5,44.3,45,44.9,30.3,4
"1139",1139,23,6,13.1,28,26.2,33.9,35.1,32.1,4
"1140",1140,24.2,10,14.2,33.1,28.4,34.5,30,26.5,4
"1141",1141,30.5,18,15.2,38.5,45.4,43.7,44.3,27.7,4
"1142",1142,31,9.4,16.3,36.7,42.1,43.8,39.2,30.7,4
"1143",1143,26.2,12.6,13.8,46.1,43.6,41.4,40.4,25.2,4
"1144",1144,22.4,15.4,19.6,14.7,31.2,34.1,41.5,20.1,4
"1145",1145,15.9,11.1,11.8,25,25,32.8,38.7,31.5,4
"1146",1146,36.7,12.8,17.1,67.8,42.4,51,41.9,25.9,4
"1147",1147,26.4,14.5,16.6,39.7,34.4,45.4,42.8,28.3,4
"1148",1148,31.4,12.7,12.8,22.5,32.2,39.2,37.4,28.2,4
"1149",1149,35.8,17.6,14.6,41.3,27.4,42.4,52.5,25.6,4
"1150",1150,36.9,12.9,19.2,35.8,45.1,56.9,55,25.2,4
"1151",1151,19.3,12.1,15.6,7.5,24.5,39.8,40,20.8,4
"1152",1152,18.4,12.1,14.9,33.5,39.7,40,35.2,25.4,4
"1153",1153,21.4,11.9,15.2,13.4,32.2,38.6,36.3,25.6,4
"1154",1154,27.8,10.4,16.3,40,30.6,37.7,37.9,30.3,4
"1155",1155,41.5,17.6,16.9,31.8,47.6,45.6,42.5,26.5,4
"1156",1156,25.5,12,15.2,39.9,30.3,37.6,44.9,29.1,4
"1157",1157,26.3,10.1,13.8,48.4,27.1,38.4,39.9,23.3,4
"1158",1158,30.5,11.5,16.8,46.7,35.2,38.8,34.9,27.4,4
"1159",1159,23.4,11.3,12.7,53.3,35.8,46.2,38.6,30.3,4
"1160",1160,24,7.1,12.7,37.3,21.4,41.1,42.7,28.8,4
"1161",1161,23.2,10.9,14.8,41.6,36.5,40.2,35.1,30.4,4
"1162",1162,31,12.5,15.3,47.2,34.1,39.1,40.1,26.3,4
"1163",1163,25.4,11.5,15.2,14.1,35.7,30.6,35.6,27,4
"1164",1164,31.8,12.1,14.4,30.7,37.2,42.7,44.2,28.8,4
"1165",1165,23.3,12.7,14,25.6,28,38.9,43.7,24.2,4
"1166",1166,32.8,15.6,15.4,32.4,32.5,42.8,49.5,29.7,4
"1167",1167,29.9,13,13.5,26.6,34.1,35.3,37.3,32,4
"1168",1168,23.7,10,17.8,21.2,32,38.2,37.7,26.8,4
"1169",1169,33.4,19.3,15.3,28.8,44.1,55.1,50.4,19.8,4
"1170",1170,27,8.3,14.1,32,23.4,40.8,40.3,34.7,4
"1171",1171,44.3,16,17.2,42,40.8,45.7,46.7,26.9,4
"1172",1172,33.6,13.3,13.5,53.1,38.5,44.1,37,31.8,4
"1173",1173,10.6,8.8,12.3,51.5,14.9,34.8,35.9,27.1,4
"1174",1174,21.5,13.5,15.8,29.6,31.4,30.7,34.9,28.2,4
"1175",1175,33.6,15.3,16.9,42.6,36,37.4,40.8,25.8,4
"1176",1176,24.7,11.2,16.6,48,26.6,32.6,31.2,28.2,4
"1177",1177,25.8,10.3,14.6,35.5,24.6,35.3,37.9,31.3,4
"1178",1178,18.4,14.3,19.6,20.5,26.8,39.8,38,22.7,4
"1179",1179,30.9,16.3,15.3,43.7,33.6,48.3,47.7,19.3,4
"1180",1180,37.2,13.3,12.4,47.4,35,45.9,49.2,26.2,4
"1181",1181,42.5,11.5,11.4,42.6,35,38.1,41.5,25.4,4
"1182",1182,31,14,20.2,34.4,44.4,50.2,47.2,27.6,4
"1183",1183,32.5,18.2,18.2,17,55.1,53.4,49,19,4
"1184",1184,32.7,12.2,15.2,31.8,46,43.8,40.5,31.8,4
"1185",1185,36.4,14.6,16.4,48.3,42.7,45.6,44.5,31.2,4
"1186",1186,30.4,12,14.7,11.4,37.5,43.2,53.3,19.4,4
"1187",1187,22.6,12.7,12.5,29.2,25.6,40,41.2,24.8,4
"1188",1188,34.9,11.5,17.4,40.5,40.8,42.3,41.8,25.2,4
"1189",1189,38.8,13.6,14.8,45.4,29.7,38.1,40.4,30.2,4
"1190",1190,28.9,9.8,16.5,27.6,30.5,35.1,35.5,31.6,4
"1191",1191,26.3,13.4,15.2,34.8,29.7,37.7,42.3,25.8,4
"1192",1192,41.1,15,15.9,32.3,29.4,44.9,54.2,20.1,4
"1193",1193,35.7,14.2,19,57.9,45.4,57.8,50.1,30.6,4
"1194",1194,22,12.4,10.9,13.1,25.9,26.6,41.1,18.6,4
"1195",1195,36.9,13.6,15.4,26.5,43.9,45.1,49.6,28.6,4
"1196",1196,23.3,8.9,14.6,21.2,27.5,39.8,38.6,26.3,4
"1197",1197,31.5,13,18.5,43.8,32.8,40,39.4,26.9,4
"1198",1198,50.8,20.4,18.5,31.2,47.8,48,47.6,23.7,4
"1199",1199,32.5,11.6,16.8,31.6,35.1,44.1,47.3,28.1,4
"1200",1200,27.1,10.1,13.3,43.1,25.5,36.5,38.5,23.6,4
"1201",1201,35.6,13.5,17.2,40.1,39.7,40.1,38.7,29.4,4
"1202",1202,26.1,10.6,14.7,25.1,40,41.7,40.6,23.6,4
"1203",1203,27,11.9,14.7,31.7,28.5,29,42.1,29.3,4
"1204",1204,28.2,11.7,12.9,42.3,30.9,40.8,45.2,25,4
"1205",1205,23.1,10.9,17.8,13.5,41.8,32.9,35.8,23.6,4
"1206",1206,36,14.3,16.8,44.4,37.4,44.9,44.6,26.7,4
"1207",1207,29.3,11.1,11.4,36.7,29.9,39,36.3,29.6,4
"1208",1208,28.4,11.9,14.3,48.5,34.2,45.5,44.3,32.6,4
"1209",1209,39.3,16.6,16,40,38.9,48,46.5,29,4
"1210",1210,24.9,12.8,16.6,21.8,30.9,40.2,40.1,27.3,4
"1211",1211,33.5,13.6,17.3,41.8,46.1,52.8,50.3,22.1,4
"1212",1212,27.4,8.4,16.4,22,26.3,43.6,42,22.4,4
"1213",1213,45.8,17.4,18.8,49.7,41.3,42.3,45.6,27,4
"1214",1214,40.6,15.5,17.1,53.3,41.9,48.4,43.5,29.1,4
"1215",1215,16.6,7.3,12.3,52.7,18.8,29.7,40.8,26.2,4
"1216",1216,24.2,11.1,16.5,28.5,23.8,30.9,34,26.2,4
"1217",1217,50.5,16.4,19,49.4,31.1,38,44.3,31.5,4
"1218",1218,27.5,12.4,14.9,5.5,28.1,41.2,40.1,24.5,4
"1219",1219,28.1,11,13.4,32.5,27.1,37.1,40.9,31.4,4
