"","YearEnd","LocationDesc","Stratification1","Soda 1/day","Obesity","Overweight","PE daily","TV >3hrs daily","No vege daily","No fruit daily","Excercise Daily > 1hr"
"1",2019,"Alabama","Female",18,15.3,19.3,21.1,20.4,54.8,47.9,15.1
"2",2019,"Alaska","Female",11.3,11.3,14.5,14.2,20.9,38.5,50.1,13
"3",2019,"Arizona","Female",11.8,8.9,19,26.1,20.1,45.8,51.6,15
"4",2019,"Arkansas","Female",22.4,19,21.7,15.1,24.8,52.7,52.1,16.9
"5",2019,"California","Female",11.5,10.5,17.3,24.5,18.6,39.9402898550725,44.8,16.3
"6",2019,"Colorado","Female",19.6482394366197,7.3,10.2,14.2,27.9302139037433,37.1,49.2,16
"7",2019,"Connecticut","Female",10,12.1,16.1,21.6532033426184,23.9,39.9,41.2,15.2
"8",2019,"District of Columbia","Female",13.2,17.1,19.1,21.6532033426184,25.5,39.9402898550725,43.6245989304813,11.1
"9",2019,"Florida","Female",13.3,11.6,18.3,14.6,22.3,48.2,47.3,14.4
"10",2019,"Georgia","Female",19.6482394366197,15.7,20.9,21.6532033426184,21.8,53,50.6,14.5
"11",2019,"Guam","Female",11.1,21.3,21.1,7.8,20.5,47.1,60.3,14.8
"12",2019,"Hawaii","Female",8.3,11.8,14.5,6.3,17.2,49,58.7,11.2
"13",2019,"Idaho","Female",7.5,9.1,12.6,13.2,15.8,37.6,47.5,15.1
"14",2019,"Illinois","Female",9.9,11.7,16.9,63.5,19.2,44.7,45.8,20.5
"15",2019,"Iowa","Female",12.7,14.7,17.7,11.5,21.2,44.7,45.7,18.2
"16",2019,"Kansas","Female",11.4,13.5,17.1,16.3,17.6,37.6,43.6,20.7
"17",2019,"Kentucky","Female",23.5,14.6,20.3,14.7,24.1,52.6,53.3,13
"18",2019,"Louisiana","Female",19.3,13.6,21.1,24.5,28.3,60.4,57.4,15.2
"19",2019,"Maine","Female",19.6482394366197,10.6,16.4,3.9,21.6,39.9402898550725,40.5,15.6
"20",2019,"Maryland","Female",10.2,10.9,17,12.4,20.9,42.8,47.1,14.3
"21",2019,"Massachusetts","Female",9.4,11.3,15.4,22.4,27.9302139037433,38.5,41.7,16.2
"22",2019,"Michigan","Female",10,13.8,15.9,16.5,19.8,45.4,46.8,15.7
"23",2019,"Mississippi","Female",23.1,21.1,21.7,20.1,30.8,60.5,55,15.6
"24",2019,"Missouri","Female",17.6,13.9,17,25.3,21.2,41.3,50,21.3
"25",2019,"Montana","Female",8.2,9.4,13.8,27.9,19.9,37.5,45.9,19.5
"26",2019,"National","Female",11.7,11.9,17.4,22.8,20.8,40.4,43,15.4
"27",2019,"Nebraska","Female",12.7,10.3,14.3,24.2,17.6,40.6,44.6,20.4
"28",2019,"Nevada","Female",9.1,9.3,17.2,20.3,27.9302139037433,39.9402898550725,50.2,16.2
"29",2019,"New Hampshire","Female",5.9,9.1,14.1,21.6532033426184,27.9302139037433,39.9402898550725,43.6245989304813,15.6
"30",2019,"New Jersey","Female",7.3,9.9,14.2,21.6532033426184,19.3,39.9402898550725,45.2,16.7
"31",2019,"New Mexico","Female",14.7,12.1,17.1,22,20.7,44.4,51,20.4
"32",2019,"New York","Female",9.7,11.4,16.8,16.4,19.3,39.9402898550725,45.1,14.5
"33",2019,"North Carolina","Female",17.2,12.7,17.2,16.3,22,43.1,46.7,13.4
"34",2019,"North Dakota","Female",11.4,11.5,16.9,30.4,23.2,42.6,46.3,18
"35",2019,"Ohio","Female",11.4,13.3,14.3,21.6532033426184,27.9302139037433,45,52.4,16.4
"36",2019,"Oklahoma","Female",19.1,14.4,22,23.4,24.1,52.8,58.5,21
"37",2019,"Pennsylvania","Female",9.6,12.6,16.3,24.1,19.8,40.6,44.7,18
"38",2019,"Puerto Rico","Female",25.4,11.8,17.5,27.4,19.4,65.9,58,11.3
"39",2019,"Rhode Island","Female",19.6482394366197,10.5,16.4,11.5,27.9302139037433,40.3,42.9,14.7
"40",2019,"South Carolina","Female",19.1,12.7,19.7,11.1,24.6,51.7,50.2,15.2
"41",2019,"South Dakota","Female",10.9,10.1,15.5,16,27.9302139037433,41,53.6,23.8
"42",2019,"Tennessee","Female",23.5,17.3,19.6,17.1,24,48.8,52.5,13.6
"43",2019,"Texas","Female",17.2,13,21.6,34.5,21.3,52.8,51.9,15.9
"44",2019,"Utah","Female",8.6,6.3,13.1,12.7,14.3,36.8,42,14
"45",2019,"Vermont","Female",19.6482394366197,10.7,14.7,21.6532033426184,27.9302139037433,26.6,37.6,15.3
"46",2019,"Virginia","Female",13.7,12.3,16.4,21.6532033426184,21.9,39.9402898550725,46.9,14.1
"47",2019,"West Virginia","Female",22.9,20.2,18.1,21.8,22.2,45.9,54.5,19.2
"48",2019,"Wisconsin","Female",19.6482394366197,11.3,17.5,21.6532033426184,17.6,39.9402898550725,43.6245989304813,16.5
"49",2017,"Alaska","Female",11.3,12.8,19.3,14.9,20.8,42.8,47.3,13.3
"50",2017,"Arizona","Female",14.7,7.7,16.7,31.9,22.1,42.4,45.9,17.1
"51",2017,"Arkansas","Female",30.8,19,20.1,20.8,23.6,48.2,52.3,14.7
"52",2017,"California","Female",9.1,10,15.6,34,20.1,45,41.9,20.6
"53",2017,"Colorado","Female",19.6482394366197,6.7,12.9,12.8,16.9,39.9402898550725,43.6245989304813,20.4
"54",2017,"Connecticut","Female",7.9,10.6,17.4,8.3,18,37.4,37.8,14.9
"55",2017,"Delaware","Female",13.9,12.9,17.8,21.6532033426184,23.8,39.9402898550725,43.6245989304813,16.8
"56",2017,"District of Columbia","Female",15.4,17,20.5,21.6532033426184,28.1,50.1,49.1,9.4
"57",2017,"Florida","Female",14,8.6,15.3,15.4,23.9,46.9,43,14.5
"58",2017,"Guam","Female",19.3,17.6,22.5,6.1,21.3,45.8,56.1,15.7
"59",2017,"Hawaii","Female",7.9,10.7,14.9,4,20.9,44.4,53.5,14.9
"60",2017,"Idaho","Female",9.4,10.6,14.2,16.1,17.6,37.9,43.9,15.5
"61",2017,"Illinois","Female",14.6,11.9,16.5,67.8,20.7,43,42.5,16.1
"62",2017,"Iowa","Female",15.4,11.8,17,12.1,18.6,45.1,40.5,21.3
"63",2017,"Kansas","Female",12.4,10.2,16.1,19.2,15.5,37.9,37.6,19.9
"64",2017,"Kentucky","Female",24.3,17.2,17.3,13.1,22.2,48.1,54.9,12.8
"65",2017,"Louisiana","Female",27.8,13.6,18.7,28.3,32.3,57.2,54.1,15.9
"66",2017,"Maine","Female",19.6482394366197,10.2,16.9,5.9,24.1,39.9402898550725,38.9,15.2
"67",2017,"Maryland","Female",12.1,10.4,16,12.3,23,43.5,47.5,12.6
"68",2017,"Massachusetts","Female",8.2,8.9,14.6,15.1,27.9302139037433,37.6,38.3,17.1
"69",2017,"Michigan","Female",14.9,14.1,19.4,16,21.3,42.4,43.6,16.7
"70",2017,"Missouri","Female",19.6482394366197,14.4,16.2,24.9,22,45.1,53,21.8
"71",2017,"Montana","Female",10.9,8.7,14.2,30.5,18.6,37.5,43,18.7
"72",2017,"National","Female",15.4,12.1,16.8,25.3,20.6,40.7,41.8,17.5
"73",2017,"Nebraska","Female",11.9,12.1,17.5,22.4,18.1,37.9,43.4,21.2
"74",2017,"Nevada","Female",11.4,10.9,14.2,25.1,27.9302139037433,39.9402898550725,48.7,18.4
"75",2017,"New Hampshire","Female",8.2,9.6,14.6,21.6532033426184,27.9302139037433,39.9402898550725,38.3,15.3
"76",2017,"New Mexico","Female",16.8,12.2,17.7,21.7,21,42.2,48.7,22.4
"77",2017,"New York","Female",11.4,10.7,18.2,14.4,22.8,39.9402898550725,42,18.5
"78",2017,"North Carolina","Female",18.1,12.1,17.8,19.7,25.1,42.1,42.2,13.9
"79",2017,"North Dakota","Female",11.4,12.9,16.1,21.6532033426184,18.1,38.4,38.9,17.7
"80",2017,"Oklahoma","Female",22.5,17,19.4,19.7,26.5,47.2,55.8,21.1
"81",2017,"Pennsylvania","Female",12.4,11.3,16.2,17.9,22.4,38.7,46.3,16
"82",2017,"Puerto Rico","Female",25.1,8.8,14.1,0.2,23.1,66.9,59.5,10.6
"83",2017,"Rhode Island","Female",9.4,12.9,17.1,14.9,20.1,42,41.7,15.1
"84",2017,"South Carolina","Female",22.7,16.8,17.6,14.5,26.5,50.2,49.5,14.1
"85",2017,"Tennessee","Female",22.7,16.9,18.2,23.3,24.8,48.6,49.6,17.6
"86",2017,"Texas","Female",13.4,16.1,20.3,29.9,21.5,48.9,48.5,18.6
"87",2017,"Utah","Female",10.6,5.3,13.6,17.8,17.1,36.5,42.1,12.9
"88",2017,"Vermont","Female",6.4,10.1,14.6,21.6532033426184,27.9302139037433,26.8,34.5,17.3
"89",2017,"Virginia","Female",13.7,11.1,16.6,9.4,18.6,37.2,43.2,15.2
"90",2017,"West Virginia","Female",21.4,15.4,18.2,23.3,23.7,42.6,46.9,16.1
"91",2017,"Wisconsin","Female",11,10.7,16.8,34.5,17.1,40.3,40.2,16.7
"92",2015,"Alabama","Female",28.6,13.5,17,25.2,33.5,51,53.1,15.2
"93",2015,"Alaska","Female",14.5,10.9,18.1,13.2,20.1,35.7,44.8,17
"94",2015,"Arizona","Female",16.3,7,14.2,21.5,26.2,40,40.6,19.3
"95",2015,"Arkansas","Female",26.1,14.7,18.5,25.2,30.8,46.1,50.4,20.7
"96",2015,"California","Female",12.3,9.2,15.8,36.9,22.3,38.6,33.9,18.9
"97",2015,"Connecticut","Female",7.8,9.3,14.1,10.5,22.3,33.7,35.7,18.1
"98",2015,"Delaware","Female",16.9,13.3,17.3,9.6,27.2,39.9402898550725,39.3,17.6
"99",2015,"District of Columbia","Female",18.4,14.4,20.8,21.6532033426184,32.6,51.8,49.8,11.7
"100",2015,"Florida","Female",17,8.7,15.5,14.1,27.8,44.4,42.3,14.3
"101",2015,"Guam","Female",16.1,16.4,22.6,7.2,22.5,42.9,58,15.6
"102",2015,"Hawaii","Female",10.2,8.1,15.1,5,21.8,39.9402898550725,53.5,14.2
"103",2015,"Idaho","Female",9.7,7.4,14.3,16.9,20.6,33.9,41.5,21.1
"104",2015,"Illinois","Female",14.1,8.4,14.6,59.8,21.6,43.8,41.2,19.9
"105",2015,"Indiana","Female",15.7,9.7,18.1,21.6,22.2,41.1,41.8,16.5
"106",2015,"Kentucky","Female",31.6,16.2,19.2,19.3,25.4,41.2,47.3,12.9
"107",2015,"Maine","Female",19.6482394366197,9.1,14.8,4.9,22.7,39.9402898550725,38.5,15.6
"108",2015,"Maryland","Female",14.2,8.8,15.4,12.6,27.1,41.7,45.5,14.1
"109",2015,"Massachusetts","Female",9.7,7.2,14.7,18.4,27.9302139037433,38.2,39.8,17.6
"110",2015,"Michigan","Female",14.8,11.5,16.2,16.1,20.9,41.7,44.2,19.3
"111",2015,"Mississippi","Female",29.1,16.2,19.2,24.3,36.1,48.7,52.8,13.9
"112",2015,"Missouri","Female",17.1,10.3,12.4,18.2,23.9,43.9,47.9,19
"113",2015,"Montana","Female",12.9,7.4,14.9,28.3,22,34.5,41.9,20.7
"114",2015,"National","Female",16.4,10.8,16.6,25.5,24.4,40,37.9,17.7
"115",2015,"Nebraska","Female",15.8,9.3,16.4,26.9,19.1,36.8,41.3,23.6
"116",2015,"Nevada","Female",11.3,6.3,14.1,27.6,22.1,42.1,42.8,21.2
"117",2015,"New Hampshire","Female",7.5,7.9,14.4,21.6532033426184,18.6,39.9402898550725,43.6245989304813,15.1
"118",2015,"New Mexico","Female",17.7,11.6,16.6,23.4,24.9,42.6,47.7,23.4
"119",2015,"New York","Female",11.3,10.1,13.9,18.7,27,39.9402898550725,41.5,19
"120",2015,"North Carolina","Female",23.9,12.5,17.2,19.9,30.3,40,41.7,14.8
"121",2015,"North Dakota","Female",12.3,8.6,17.1,34.6,16.7,40.6,35.6,15.7
"122",2015,"Oklahoma","Female",25.3,12.9,16.7,26.8,28.2,43.8,48.2,21.5
"123",2015,"Pennsylvania","Female",12.9,12.4,16.7,15,27.2,39.4,44.4,17.3
"124",2015,"Puerto Rico","Female",31.4,10.3,15.7,21.6532033426184,29.9,61,42.6,12.3
"125",2015,"Rhode Island","Female",9.5,7.6,14.1,20,21.9,39.6,40.3,12.6
"126",2015,"South Carolina","Female",26.5,13.4,17.5,15.2,29.1,54.4,57.2,13.6
"127",2015,"South Dakota","Female",17.4,10.3,13.3,11,21.7,39.2,45.5,18.8
"128",2015,"Tennessee","Female",26,14.2,17.8,21.6,29.6,50,51.6,17.6
"129",2015,"Vermont","Female",9.5,8.6,13.9,21.6532033426184,27.9302139037433,26.6,33.3,15.6
"130",2015,"Virginia","Female",14.2,11.4,15.7,11.8,23.5,40.3,44.3,17.6
"131",2015,"West Virginia","Female",26.4,12.2,17.1,24.7,28.6,42.3,43.8,18.3
"132",2015,"Wyoming","Female",15.6,8,13.9,21.2,22,34,41.2,20.5
"133",2013,"Alabama","Female",29.4,13.5,16.2,28,32.8,44.8,48.2,14.1
"134",2013,"Alaska","Female",10.9,11.4,12.7,11.7,19.6,36.9,39.5,14.2
"135",2013,"Arizona","Female",16.9,7.1,12,18.5,27.7,39.9402898550725,43.6245989304813,15.5
"136",2013,"Arkansas","Female",29.4,11.7,15,21.5,30.6,44,52.4,21.1
"137",2013,"Connecticut","Female",10.4,10.1,13.5,21.6532033426184,23.2,34.5,38,18.7
"138",2013,"Delaware","Female",19.2,11,17.3,9,31.1,39.9402898550725,38.1,14.8
"139",2013,"Florida","Female",19,8.2,16,17.3,30.8,43.6,42.8,16.4
"140",2013,"Georgia","Female",23.3,11.1,16.8,28.8,32.7,45.1,44.4,15.1
"141",2013,"Hawaii","Female",12,9.6,14.3,7.4,27.8,39.9402898550725,46.2,13.6
"142",2013,"Idaho","Female",12.4,5.9,16,16.1,18.3,34.1,38.7,17.2
"143",2013,"Illinois","Female",18,9.2,12.7,63.3,29.6,40.6,38.1,19.3
"144",2013,"Kansas","Female",18.9,9.1,14.6,22.7,23.8,38.6,43.4,19.1
"145",2013,"Kentucky","Female",29.6,11.3,17,16.1,28.8,43.5,44.3,15.4
"146",2013,"Louisiana","Female",19.6482394366197,12.8,15.8,30,34.7,39.9402898550725,43.6245989304813,16.5565836298932
"147",2013,"Maine","Female",19.6482394366197,8.1,13.4,3.9,22.1,39.9402898550725,36.5,16.9
"148",2013,"Maryland","Female",15,8.2,14.8,13.9,32.2,37.9,39.8,16
"149",2013,"Massachusetts","Female",10.6,7,11.5,14.6,24.5,39.9402898550725,43.6245989304813,16.4
"150",2013,"Michigan","Female",15.4,8.7,15.3,21.2,26.2,36.8,38.8,19.5
"151",2013,"Mississippi","Female",34.7,11.7,16.3,25.2,40.7,47.2,55.5,17.5
"152",2013,"Missouri","Female",21.1,11.1,16.3,24.4,24.5,43.7,47.6,18
"153",2013,"Montana","Female",12.7,5.6,11.2,30.8,20.4,32.4,38.8,19.6
"154",2013,"National","Female",24.1,10.9,16.6,24,32.2,38.7,40,17.7
"155",2013,"Nebraska","Female",17.2,7.9,11.8,30,21.6,37.2,37.1,23.9
"156",2013,"Nevada","Female",13.5,7.5,14.9,25.8,29.9,40,40.4,17.2
"157",2013,"New Hampshire","Female",19.6482394366197,7.4,14.2,14.2,27.9302139037433,39.9402898550725,43.6245989304813,15.3
"158",2013,"New Jersey","Female",10.2,4.9,12.4,45.3,29.5,37.1,35.4,17.1
"159",2013,"New Mexico","Female",17.3,8.5,15,20.6,25.7,37.7,44.8,23.5
"160",2013,"New York","Female",15.8,8.9,13.7,18.2,26.4,39.9402898550725,39.3,17.6
"161",2013,"North Carolina","Female",24.8,9.6,16,21.6532033426184,34.5,39,44.4,15.4
"162",2013,"North Dakota","Female",16.3,10.1,15.1,21.6532033426184,18.6,38,33.4,19
"163",2013,"Ohio","Female",16.1,8.3,16.7,21.6532033426184,29.1,35.5,37.5,17.6
"164",2013,"Oklahoma","Female",29.1,9.7,15.9,29.2,31.4,46.7,50.4,26.6
"165",2013,"Rhode Island","Female",14.4,7.8,17,26.7,26.3,34.8,37.6,15.9
"166",2013,"South Carolina","Female",28.7,9.6,18.3,21.6532033426184,36,48.8,48.8,15.4
"167",2013,"South Dakota","Female",16.3,7.1,11.6,14.7,23.5,33.9,37.2,20.6
"168",2013,"Tennessee","Female",32.4,13.7,16.8,21.2,34.4,46.2,46.3,15.8
"169",2013,"Texas","Female",22.9,11.8,16.4,34,32.2,49.3,43.7,20.6
"170",2013,"Utah","Female",9.4,4.5,11.1,15.2,14.9,30.9,34,11.5
"171",2013,"Vermont","Female",19.6482394366197,9.5,14.7,11.4,27.9302139037433,39.9402898550725,43.6245989304813,17.7
"172",2013,"Virginia","Female",19.7,9.4,14.8,11.9,28.1,38.7,41.2,15.9
"173",2013,"West Virginia","Female",33.7,12.5,14.8,27.5,32.1,38,43,19.6
"174",2013,"Wisconsin","Female",14.7,8.1,14,38.5,23.4,39.9402898550725,30.7,18.3
"175",2013,"Wyoming","Female",18.6,8.4,13,19.8,19.5,30.9,40.5,19.9
"176",2011,"Alabama","Female",39,14.3,16.3,25.7,40.2,50,47.5,15
"177",2011,"Alaska","Female",11.9,8.8,14.7,12.8,21.9,33.3,38.6,14.3
"178",2011,"Arizona","Female",17.6,6.9,12.6,23.2,26.6,39.9402898550725,43.6245989304813,18.1
"179",2011,"Arkansas","Female",34.6,10.3,16.3,20.4,35.8,44,52,16.5565836298932
"180",2011,"Colorado","Female",17.9,2.6,8.2,21.6532033426184,19.2,39.9402898550725,43.6245989304813,21.3
"181",2011,"Connecticut","Female",19.6482394366197,8.4,11.7,21.6532033426184,26.7,32.1,34.9,17
"182",2011,"Delaware","Female",22.5,9.5,19.7,23.3,36.3,39.9402898550725,49.3,17.6
"183",2011,"District of Columbia","Female",24.2,15.5,19.5,12.3,40.5,45.5,39.3,13
"184",2011,"Florida","Female",22.6,7.7,13.4,16.2,35.5,41.9,39.5,16.5565836298932
"185",2011,"Georgia","Female",24.9,11.7,14.9,21.9,39.1,43.4,46.3,14.2
"186",2011,"Hawaii","Female",14.1,8.7,13.2,4,28.7,40.7,47.1,13.6
"187",2011,"Idaho","Female",12,6.9,12.4,16.8,19.4,31.9,34.3,14.5
"188",2011,"Illinois","Female",22.5,7.1,15.7,71.2,27.6,43.8,39.4,15.8
"189",2011,"Indiana","Female",23.7,11.5,18.5,16.6,27.1,41.4,46.4,15.8
"190",2011,"Iowa","Female",21.2,10.1,14.5,20.9,22.5,37,37.6,19.9
"191",2011,"Kansas","Female",19.6,8,12.8,18.9,23.3,35.9,39.7,19.5
"192",2011,"Kentucky","Female",35.7,12.1,16.6,15.3,31,44.8,50.9,13.3
"193",2011,"Louisiana","Female",43.1,13.8,22.1,39,44.6,50.9,50.1,13.9
"194",2011,"Maine","Female",19.6482394366197,7.7,13,5.6,22.1,39.9402898550725,35.7,17.1
"195",2011,"Maryland","Female",22.5,10.5,15.3,14.5,33.8,40.1,39.6,16.5565836298932
"196",2011,"Massachusetts","Female",13.5,6.2,14,16.6,28.2,39.9402898550725,43.6245989304813,16.5565836298932
"197",2011,"Michigan","Female",18.9,8.1,15.4,18.7,28.5,35.7,38.4,18.8
"198",2011,"Mississippi","Female",37.8,13.5,18.1,23.6,43.7,46.5,43.2,14.6
"199",2011,"Montana","Female",16.7,5.4,11.6,29.1,19.4,33.1,37.9,20.9
"200",2011,"National","Female",24,9.8,15.4,27.2,31.6,38.4,38.4,18.5
"201",2011,"Nebraska","Female",22.5,8,13.6,27.9,23.6,38.1,42.9,19.8
"202",2011,"New Hampshire","Female",19.6482394366197,9.4,14.4,21.6532033426184,27.9302139037433,27.7,35.1,16.5565836298932
"203",2011,"New Jersey","Female",15.1,7.4,15.1,54.5,33.6,35,39.8,16.5565836298932
"204",2011,"New Mexico","Female",23.6,7.8,14.1,22.9,28.3,38.1,43.8,18.5
"205",2011,"New York","Female",19.1,8,14.9,17.4,30,39.9402898550725,34.9,16.2
"206",2011,"North Carolina","Female",26.3,10.9,16.4,21.6532033426184,33.8,40.6,45.9,18.4
"207",2011,"North Dakota","Female",19.3,7.4,15.1,21.6532033426184,25.8,36.7,34.7,16.5565836298932
"208",2011,"Ohio","Female",21.9,11.8,13.3,20,29.6,41.1,44.5,15.4
"209",2011,"Oklahoma","Female",31.7,15.5,15.2,20.6,30.4,42.4,46.2,18.3
"210",2011,"Rhode Island","Female",15.3,8.4,14.9,23.1,28.2,33.9,37.1,18.2
"211",2011,"South Carolina","Female",30.9,8.4,18.4,17.7,41.6,47.2,51,15.8
"212",2011,"South Dakota","Female",20.1,7.5,14.3,18.4,22,36.9,40,17.1
"213",2011,"Tennessee","Female",37.5,12.4,17.5,20.6,34.2,41,47.2,18.2
"214",2011,"Texas","Female",25.5,11.9,18.3,33.3,37.7,47.9,43.6,18.7
"215",2011,"Utah","Female",10.6,4.8,10.7,14.3,18.7,30.7,31.9,14
"216",2011,"Vermont","Female",10,6.4,11.4,11.2,27.9302139037433,24.7,30.6,16.1
"217",2011,"Virginia","Female",22.9,10.7,16.5,14,32.7,41.1,42.5,17.1
"218",2011,"West Virginia","Female",35.6,9.5,15.3,23.1,28.3,33.9,40.7,19.2
"219",2011,"Wisconsin","Female",17.1,6.8,15,36.2,23.7,35.5,35.1,21.3
"220",2011,"Wyoming","Female",20.9,7,12.6,16.4,19.7,31.7,40.1,17.2
"221",2009,"Alabama","Female",35.7,9.6,19.3,29.6,36.8,44.2,51.6,13.4
"222",2009,"Alaska","Female",19.8,9.9,15.1,13.3,25.4,35.5,40.7,14
"223",2009,"Arizona","Female",22.6,8.6,14.6,24.3,34,39.9402898550725,43.6245989304813,18.1
"224",2009,"Arkansas","Female",32.9,9.9,15.2,21.3,34.7,45.2,46.8,16.5565836298932
"225",2009,"Colorado","Female",20.2,5.3,10.2,15.6,20.5,34.7,35.8,19.4
"226",2009,"Connecticut","Female",19.6482394366197,6.5,11.9,21.6532033426184,29.4,35.4,34.5,14.6
"227",2009,"Delaware","Female",25.6,11.6,16.5,22.7,36.5,39.9402898550725,46.7,13.9
"228",2009,"Florida","Female",24.1,7.3,13.3,19.7,36.8,42.7,42.4,16.5565836298932
"229",2009,"Georgia","Female",27.1,10.3,15.7,26.8,39.9,42.3,44.7,14.3
"230",2009,"Hawaii","Female",14.9,11.3,14.3,9,29.1,42.9,46.2,11
"231",2009,"Idaho","Female",13.9,4.8,11.3,15.9,20.2,34.6,37.7,16.5
"232",2009,"Illinois","Female",26.8,8.9,14,67.8,34.6,44.7,40.5,16.2
"233",2009,"Indiana","Female",26.4,9.5,17.6,14.7,30.3,41.4,46.1,14.3
"234",2009,"Kansas","Female",24.9,9.3,12.7,15.9,26.7,37.2,39,17.7
"235",2009,"Kentucky","Female",31.6,14.1,16,16.1,29.2,40,50.1,12.1
"236",2009,"Louisiana","Female",35.8,11.1,20.5,36.7,43.1,48.9,49.5,16.5565836298932
"237",2009,"Maine","Female",19.6482394366197,8,13.5,4.5,21.8,39.9402898550725,38.1,12.6
"238",2009,"Maryland","Female",18.8,8.5,14.9,15.9,37.3,37.9,34.2,16.5565836298932
"239",2009,"Massachusetts","Female",15.8,7,14.4,16.8,29.1,39.9402898550725,43.6245989304813,16.5565836298932
"240",2009,"Michigan","Female",22.6,7.9,13,26.1,25.2,35.1,38.4,18.4
"241",2009,"Mississippi","Female",38.1,16.2,16.5,18.5,45.2,46.6,43.7,16
"242",2009,"Missouri","Female",23.9,10.4,13.8,25.4,29.8,35.8,42.1,16.5
"243",2009,"Montana","Female",17.2,7.4,9.2,29.1,20.2,33,39,14.4
"244",2009,"National","Female",23.3,8.1,15.5,31.9,32.1,38.4,37.6,16.5565836298932
"245",2009,"Nevada","Female",17.6,6.5,13.2,21.6532033426184,36.4,47.3,47.4,16.5
"246",2009,"New Hampshire","Female",14.5,7.2,12.1,22.4,18.6,39.9402898550725,43.6245989304813,14.9
"247",2009,"New Jersey","Female",15.6,6.6,13.4,21.6532033426184,31.6,36.4,37.1,16.5565836298932
"248",2009,"New Mexico","Female",25.3,8.5,14.5,26.5,29.9,42.1,47.1,17.5
"249",2009,"New York","Female",19.1,7.1,13.5,15.8,29.9,39.9402898550725,38.2,14.7
"250",2009,"North Carolina","Female",28.8,9.9,15,21.6532033426184,35.4,42.1,46.7,15.2
"251",2009,"North Dakota","Female",19.5,7.1,12.2,21.6532033426184,19.7,42.2,40.9,16.5565836298932
"252",2009,"Oklahoma","Female",34.9,13.3,16.1,24.8,26.3,48.7,52.7,16.7
"253",2009,"Pennsylvania","Female",18.8,9.9,16,19.2,28.8,34.1,39.4,20
"254",2009,"Rhode Island","Female",16.9,8,16.5,22,27.1,34.9,36.2,16
"255",2009,"South Carolina","Female",31.2,14.1,16.1,13.2,41,51,50.2,11.9
"256",2009,"South Dakota","Female",21,5.9,11.8,15.3,18.2,40.6,43.3,16.6
"257",2009,"Tennessee","Female",39.5,12.9,17.3,18.3,37.9,44.5,47.7,13.1
"258",2009,"Texas","Female",28.3,10.5,14.9,30.7,35.9,45.2,43.9,16.6
"259",2009,"Utah","Female",9.2,4.3,10.6,19.3,16.1,32.5,34,16.5565836298932
"260",2009,"Vermont","Female",15,8.1,12.5,18,27.9302139037433,26.9,32.3,16.4
"261",2009,"West Virginia","Female",33.3,7.6,15.6,20.3,30.9,38.4,42,17
"262",2009,"Wisconsin","Female",17.1,6.8,13.6,41.6,19.4,34.9,32.9,17.8
"263",2009,"Wyoming","Female",20.3,8.3,11.7,19.3,19.8,32,41.7,17.2
"264",2007,"Alaska","Female",18.3,9.6,14.6,12.4,22.5,37.7,42.2,12.2
"265",2007,"Arizona","Female",24.6,8.4,12,21.5,27.3,43.6,47.4,16.5565836298932
"266",2007,"Arkansas","Female",36.3,8.9,16.5,32.7,31.6,45.6,51,16.5565836298932
"267",2007,"Connecticut","Female",19.6482394366197,8.1,11.3,21.6532033426184,28.7,33.2,35.5,17.2
"268",2007,"Delaware","Female",26.4,10.7,18.8,28.2,38.6,39.9402898550725,46.7,14.9
"269",2007,"District of Columbia","Female",29.1,15.6,19.5,16.4,53,52.6,47,13.9
"270",2007,"Florida","Female",26.8,6.8,15.1,17,39.7,40.4,43.7,16.5565836298932
"271",2007,"Georgia","Female",31.8,10.9,18.6,24.8,42.8,42.4,43.6,15.9
"272",2007,"Hawaii","Female",21.7,10.8,14.8,6.6,34,45,53.7,13.7
"273",2007,"Idaho","Female",16.6,6.3,12.9,23.2,18,38.1,42.9,14.9
"274",2007,"Illinois","Female",28.3,9.8,15.6,45,32.8,40.3,34.7,13.7
"275",2007,"Indiana","Female",27.6,9.7,14.5,20.4,26.1,37.7,39.7,16.4
"276",2007,"Iowa","Female",23.1,8.6,10.3,16.8,23.4,30.5,35.2,19.5
"277",2007,"Kansas","Female",29.5,6.8,14,18,23.5,31.8,45.3,15.8
"278",2007,"Kentucky","Female",36.9,10.8,15.2,16.6,27.1,41.1,53.7,11.1
"279",2007,"Louisiana","Female",36.2,11.6,14.4,42.2,39,54.8,56.3,18.3
"280",2007,"Maine","Female",13.3,7.4,11.9,6.1,22.9,25.8,35.3,16.5565836298932
"281",2007,"Maryland","Female",19.6482394366197,9.1,15.1,13.3,42.1,42.4,44.7,16.5565836298932
"282",2007,"Massachusetts","Female",18.3,7,14.8,17.8,26.2,39.9402898550725,43.6245989304813,13.9
"283",2007,"Michigan","Female",23.1,9.7,15.5,26.1,30.5,37.8,39,15.5
"284",2007,"Mississippi","Female",45.1,14.5,18.4,16.5,46.6,47.6,46.5,12.6
"285",2007,"Missouri","Female",27.5,8.5,13.4,17.4,29.1,38.4,43.4,15.2
"286",2007,"Montana","Female",21.1,6.3,12.9,28.2,19.5,35.3,39.2,13.2
"287",2007,"National","Female",29,9.4,14.8,27.3,33.2,38.3,42,16.5565836298932
"288",2007,"Nevada","Female",20.3,7.4,13.5,21.6532033426184,32.9,42.7,44.4,15.9
"289",2007,"New Hampshire","Female",14.8,7,12.7,14,18.3,25,35.7,17.3
"290",2007,"New Mexico","Female",25.3,6,13.8,28.7,28.6,38.9,47.1,18.1
"291",2007,"New York","Female",20.4,7.4,16,11.9,35.1,39.9402898550725,37.5,13.3
"292",2007,"North Carolina","Female",35.2,9.4,17,22.5,34.1,41.5,49.8,17.7
"293",2007,"North Dakota","Female",19.8,7.8,11,21.6532033426184,20.5,34.6,40.1,12.8
"294",2007,"Ohio","Female",23.8,8.4,14.4,22.7,31.4,39.8,44.3,18
"295",2007,"Oklahoma","Female",35.8,9.7,16.6,27.5,30.3,44.7,54.1,16.9
"296",2007,"Rhode Island","Female",20.4,7.3,16,21.9,26.7,33.6,39.1,14.3
"297",2007,"South Carolina","Female",33.7,12,18.7,20.5,42.2,45,47.9,13.8
"298",2007,"South Dakota","Female",20.2,7.5,12.3,11.2,22.9,41.1,43.3,15.7
"299",2007,"Tennessee","Female",41.7,11.9,19.8,26.9,39.5,42.2,48.5,13.2
"300",2007,"Texas","Female",32.6,11.1,15.1,36.3,38.6,45.4,45.9,16.5
"301",2007,"Utah","Female",11.8,5,9.6,20.6,18.2,34.1,38.5,12.8
"302",2007,"Vermont","Female",16.5,7.7,13.2,15.9,27.9302139037433,26.1,31.6,18.6
"303",2007,"West Virginia","Female",40.6,11.5,18.6,21,31.3,37.9,46.5,16.8
"304",2007,"Wisconsin","Female",18.3,7.1,12.5,21.6532033426184,23.5,38.6,34.9,16.5565836298932
"305",2007,"Wyoming","Female",20.9,6.5,9.8,19,17.5,35.5,46.7,19.1
"306",2005,"Alabama","Female",19.6482394366197,12.8,18.2,37.1,41.2,46.1,52.1,16.5565836298932
"307",2005,"Arizona","Female",19.6482394366197,6.9,11.7,20.4,34,41.8,48.8,16.5565836298932
"308",2005,"Arkansas","Female",19.6482394366197,10.5,17.7,27,40.4,46.3,54,16.5565836298932
"309",2005,"Colorado","Female",19.6482394366197,6.4,10,13.4,23.1,34.6,40.7,16.5565836298932
"310",2005,"Connecticut","Female",19.6482394366197,8.2,12.7,13,31.6,37.1,38.2,16.5565836298932
"311",2005,"Delaware","Female",19.6482394366197,10.4,15.6,28.3,43.3,40.8,50.5,16.5565836298932
"312",2005,"District of Columbia","Female",19.6482394366197,8.2,19.6,14.8,63.5,40.5,48.8,16.5565836298932
"313",2005,"Florida","Female",19.6482394366197,7,12.9,19.8,40.7,24.1,43.1,16.5565836298932
"314",2005,"Georgia","Female",19.6482394366197,9.6,14.6,27.3,42.2,43.1,45,16.5565836298932
"315",2005,"Hawaii","Female",19.6482394366197,7.9,11.7,8.4,37,40.8,50,16.5565836298932
"316",2005,"Idaho","Female",19.6482394366197,5.5,12.3,23.2,18.9,33.7,39.1,16.5565836298932
"317",2005,"Indiana","Female",19.6482394366197,9.1,14.8,25.1,29.6,38.5,47.2,16.5565836298932
"318",2005,"Iowa","Female",19.6482394366197,8.7,12.9,9.3,25.3,41.7,38.9,16.5565836298932
"319",2005,"Kansas","Female",19.6482394366197,8.7,13.4,19,25.2,33.6,40.2,16.5565836298932
"320",2005,"Kentucky","Female",19.6482394366197,10.2,16.5,14.3,32.9,41.5,53.2,16.5565836298932
"321",2005,"Maine","Female",19.6482394366197,6.1,13.4,5.8,23.5,28.1,36.3,16.5565836298932
"322",2005,"Maryland","Female",19.6482394366197,9.6,15.7,16.6,40.3,39.7,42.8,16.5565836298932
"323",2005,"Massachusetts","Female",19.6482394366197,7.2,14.4,17.5,30.6,39.9402898550725,43.6245989304813,16.5565836298932
"324",2005,"Michigan","Female",19.6482394366197,7.9,12.4,23.1,33.2,36.7,40.1,16.5565836298932
"325",2005,"Missouri","Female",19.6482394366197,10.6,15.7,25.6,29.7,36.4,42.4,16.5565836298932
"326",2005,"Montana","Female",19.6482394366197,4.4,12.6,29.4,23.5,36.5,42.3,16.5565836298932
"327",2005,"National","Female",19.6482394366197,9.9,15.4,29,36.3,37.5,41.8,16.5565836298932
"328",2005,"Nebraska","Female",19.6482394366197,7.7,12.7,28.1,25.5,39,42.8,16.5565836298932
"329",2005,"New Hampshire","Female",19.6482394366197,7.7,11.8,21.6532033426184,19.7,39.9402898550725,43.6245989304813,16.5565836298932
"330",2005,"New Jersey","Female",19.6482394366197,8.1,12.9,61,33.8,39.5,41.8,16.5565836298932
"331",2005,"New Mexico","Female",19.6482394366197,6.5,14.7,20.9,29.8,36.6,46.1,16.5565836298932
"332",2005,"New York","Female",19.6482394366197,7.8,15.9,16.9,39.9,39.4,41.1,16.5565836298932
"333",2005,"North Carolina","Female",19.6482394366197,11.1,15.7,31.8,36,39.9402898550725,43.6245989304813,16.5565836298932
"334",2005,"North Dakota","Female",19.6482394366197,6.2,12.4,32.2,22.1,34.6,43.8,16.5565836298932
"335",2005,"Ohio","Female",19.6482394366197,9.1,14.7,21.6532033426184,36.3,39.9402898550725,47.8,16.5565836298932
"336",2005,"Oklahoma","Female",19.6482394366197,12,15.9,22.9,36.1,42.8,49,16.5565836298932
"337",2005,"Rhode Island","Female",19.6482394366197,8.5,13.7,18.7,33.3,34.3,35.1,16.5565836298932
"338",2005,"South Carolina","Female",19.6482394366197,8.6,14.6,17.6,41.6,44.5,49.7,16.5565836298932
"339",2005,"South Dakota","Female",19.6482394366197,7.1,14.1,17.1,20.9,38.2,43.7,16.5565836298932
"340",2005,"Tennessee","Female",19.6482394366197,11.8,15.9,25,40.7,40.8,47.4,16.5565836298932
"341",2005,"Texas","Female",19.6482394366197,10.9,15.1,34.3,39.5,42.7,41.2,16.5565836298932
"342",2005,"Utah","Female",19.6482394366197,3,10.2,19.9,17.3,30.1,44.3,16.5565836298932
"343",2005,"Vermont","Female",19.6482394366197,5.8,12.6,11.7,27.9302139037433,28.1,30.9,16.5565836298932
"344",2005,"West Virginia","Female",19.6482394366197,9.7,17.1,27.8,36.1,33.1,40.4,16.5565836298932
"345",2005,"Wisconsin","Female",19.6482394366197,5.7,12.4,55.6,22.7,39.9402898550725,43.6245989304813,16.5565836298932
"346",2005,"Wyoming","Female",19.6482394366197,4.2,11.6,16.7,20,33.2,45.1,16.5565836298932
"347",2003,"Alabama","Female",19.6482394366197,11,13.7,29.4,41.5,45.2,56.2,16.5565836298932
"348",2003,"Alaska","Female",19.6482394366197,8.1,13.7,14.3,26.3,36.4,40.8,16.5565836298932
"349",2003,"Arizona","Female",19.6482394366197,6.6,13.7,17.5,33.2,38.8,39.7,16.5565836298932
"350",2003,"Delaware","Female",19.6482394366197,9.4,16.6,25.9,43.9,37.2,45.1,16.5565836298932
"351",2003,"District of Columbia","Female",19.6482394366197,11.2,17.2,17.1,57.8,49.8,47.4,16.5565836298932
"352",2003,"Florida","Female",19.6482394366197,7.7,12.7,23.9,41,42.8,46.2,16.5565836298932
"353",2003,"Georgia","Female",19.6482394366197,6.6,14.8,20.9,40.6,40.3,47.6,16.5565836298932
"354",2003,"Idaho","Female",19.6482394366197,6,11.2,23,20.3,32.2,37.1,16.5565836298932
"355",2003,"Indiana","Female",19.6482394366197,8.7,12.9,16,29.9,33.9,41.7,16.5565836298932
"356",2003,"Kentucky","Female",19.6482394366197,9.3,16.1,19,30.5,42.1,55.4,16.5565836298932
"357",2003,"Maine","Female",19.6482394366197,7.5,15.1,7.5,23.4,29.4,34.3,16.5565836298932
"358",2003,"Massachusetts","Female",19.6482394366197,6.5,12,12.8,28.1,39.9402898550725,43.6245989304813,16.5565836298932
"359",2003,"Michigan","Female",19.6482394366197,8.7,14.5,21.4,30.5,36.4,41.2,16.5565836298932
"360",2003,"Mississippi","Female",19.6482394366197,10.8,13.9,14.7,53,41.5,47.6,16.5565836298932
"361",2003,"Missouri","Female",19.6482394366197,8.2,15,28.7,29,36,51,16.5565836298932
"362",2003,"Montana","Female",19.6482394366197,4.4,11.4,28.3,22.1,31.8,41.5,16.5565836298932
"363",2003,"National","Female",19.6482394366197,8.1,14.1,26.4,37,37.4,39.8,16.5565836298932
"364",2003,"Nebraska","Female",19.6482394366197,5.9,12.9,30.5,25.6,34.1,44.6,16.5565836298932
"365",2003,"New Hampshire","Female",19.6482394366197,6.5,11.1,21.6532033426184,23.6,39.9402898550725,43.6245989304813,16.5565836298932
"366",2003,"New York","Female",19.6482394366197,9,13.4,18.5,39.7,35.6,35.3,16.5565836298932
"367",2003,"North Carolina","Female",19.6482394366197,8.1,14.3,24.6,27.9302139037433,40.6,48,16.5565836298932
"368",2003,"North Dakota","Female",19.6482394366197,5.6,9.7,34.2,18,28.6,36.7,16.5565836298932
"369",2003,"Ohio","Female",19.6482394366197,9.3,12.9,27.1,30.8,39.9402898550725,38.4,16.5565836298932
"370",2003,"Oklahoma","Female",19.6482394366197,6,15.6,25.1,35.8,37,53.7,16.5565836298932
"371",2003,"Rhode Island","Female",19.6482394366197,5.4,14.9,20.2,27.3,31.2,33.8,16.5565836298932
"372",2003,"South Dakota","Female",19.6482394366197,6.8,13.2,12.4,27.1,33.7,41.6,16.5565836298932
"373",2003,"Tennessee","Female",19.6482394366197,9.3,14.9,25.2,40.2,35.5,48,16.5565836298932
"374",2003,"Utah","Female",19.6482394366197,5.5,9.5,23.1,20.8,30.2,39.7,16.5565836298932
"375",2003,"Vermont","Female",19.6482394366197,7,12.7,12.8,27.9302139037433,26.2,31.3,16.5565836298932
"376",2003,"Virgin Islands","Female",19.6482394366197,12.8,15.7,37.7,64.6,48.4,40.1,16.5565836298932
"377",2003,"West Virginia","Female",19.6482394366197,7.4,14.6,24.7,29.6,30.4,43.9,16.5565836298932
"378",2003,"Wisconsin","Female",19.6482394366197,6.7,12.6,21.6532033426184,27.9302139037433,39.9402898550725,43.6245989304813,16.5565836298932
"379",2003,"Wyoming","Female",19.6482394366197,3.8,10.3,15.5,22.1,28,41.5,16.5565836298932
"380",2001,"Alabama","Female",19.6482394366197,7.6,14.9,23.1,44.8,45.3,54.6,16.5565836298932
"381",2001,"Arkansas","Female",19.6482394366197,8.5,15.1,29.1,38.4,39,47.5,16.5565836298932
"382",2001,"Delaware","Female",19.6482394366197,8.6,14.4,31,35.9,30.3,36.7,16.5565836298932
"383",2001,"Florida","Female",19.6482394366197,6.5,12.7,20.8,42.2,39.3,42.8,16.5565836298932
"384",2001,"Idaho","Female",19.6482394366197,4.4,8.4,26.3,19.1,30.6,38.8,16.5565836298932
"385",2001,"Maine","Female",19.6482394366197,5.4,12.2,4.3,21,23.9,32.9,16.5565836298932
"386",2001,"Massachusetts","Female",19.6482394366197,6.2,12.9,16.9,25.4,39.9402898550725,43.6245989304813,16.5565836298932
"387",2001,"Michigan","Female",19.6482394366197,7.2,11.6,25.9,29.5,33.8,36.5,16.5565836298932
"388",2001,"Mississippi","Female",19.6482394366197,9.8,14.2,12.5,52.7,43.4,45.4,16.5565836298932
"389",2001,"Missouri","Female",19.6482394366197,8.3,12.3,26.1,32.2,35.2,45.4,16.5565836298932
"390",2001,"Montana","Female",19.6482394366197,3.7,10.5,28.2,20.7,31.8,38.3,16.5565836298932
"391",2001,"National","Female",19.6482394366197,6.9,11.7,28.4,35,35,39.6,16.5565836298932
"392",2001,"New Jersey","Female",19.6482394366197,6,13.3,66.9,37.2,31.5,37.2,16.5565836298932
"393",2001,"North Carolina","Female",19.6482394366197,9,12.8,28.2,27.9302139037433,36.4,45.9,16.5565836298932
"394",2001,"North Dakota","Female",19.6482394366197,4.3,10.1,29.5,20.4,34.4,37.4,16.5565836298932
"395",2001,"Rhode Island","Female",19.6482394366197,3.5,12.9,14.7,30.2,29.1,32.5,16.5565836298932
"396",2001,"South Dakota","Female",19.6482394366197,4.6,11.6,9.5,23.7,34.7,43.7,16.5565836298932
"397",2001,"Texas","Female",19.6482394366197,8.5,14.2,29.7,39.6,40.9,45.6,16.5565836298932
"398",2001,"Utah","Female",19.6482394366197,2.5,8.9,24.1,15.6,24.7,34.1,16.5565836298932
"399",2001,"Vermont","Female",19.6482394366197,4.8,10.7,24.8,27.9302139037433,26.1,29.3,16.5565836298932
"400",2001,"Wisconsin","Female",19.6482394366197,5.6,13.7,21.6532033426184,27.9302139037433,39.9402898550725,43.6245989304813,16.5565836298932
"401",2001,"Wyoming","Female",19.6482394366197,3.6,9.1,27.8,19.1,30.1,39.2,16.5565836298932
"402",2019,"Alabama","Male",22.7,19,21,30.5,19.7,51.1,43.7,31
"403",2019,"Alaska","Male",15.5,18,15.5,20.1,15,37,45.8,22.8
"404",2019,"Arizona","Male",16.5,17.6,15.8,37.8,19.3,43.6,49.3,29
"405",2019,"Arkansas","Male",24.9,25.2,17.9,18.3,20.9,48.7,52.1,28.8
"406",2019,"California","Male",17.5,20.9,13.4,28.3,18.5,39.995652173913,43.3,24.9
"407",2019,"Colorado","Male",26.906338028169,13.1,13.2,17.6,29.2775401069519,29.4,40.4,33.9
"408",2019,"Connecticut","Male",15.5,16.6,13.8,28.6233983286908,21.5,39.2,40,31.2
"409",2019,"District of Columbia","Male",17,17,16.2,28.6233983286908,23.7,39.995652173913,41.2614973262032,18.7
"410",2019,"Florida","Male",20.1,16.2,14,28,21.7,47,43.7,30.8
"411",2019,"Georgia","Male",26.906338028169,20.8,15.4,28.6233983286908,20.9,42.7,46.7,33.6
"412",2019,"Guam","Male",19,25.8,16,13.3,19.5,43.9,49.6,23.7
"413",2019,"Hawaii","Male",12.8,20.6,14.3,10.7,16.9,42.7,53.9,22.9
"414",2019,"Idaho","Male",15.1,15.1,12.2,27.7,16.3,36.9,46.7,29.1
"415",2019,"Illinois","Male",17.3,18.5,14.1,58.6,16.4,44.3,40,31.5
"416",2019,"Iowa","Male",22,19.2,14.3,12.5,19.7,41.8,43.5,33.1
"417",2019,"Kansas","Male",21.4,16.7,14.3,23.7,14.7,35.5,42.1,32.2
"418",2019,"Kentucky","Male",27.3,21.9,15.5,20.9,18.8,51,51.8,24.8
"419",2019,"Louisiana","Male",19.7,19.3,14.7,27.6,20.4,50.6,49.2,27.1
"420",2019,"Maine","Male",26.906338028169,18.9,13.4,5.2,20.2,39.995652173913,40,25.1
"421",2019,"Maryland","Male",14.3,14.6,14.5,17.5,18.5,42.1,45.6,24.8
"422",2019,"Massachusetts","Male",12.5,17,14.3,23.1,29.2775401069519,42.9,46.6,27.3
"423",2019,"Michigan","Male",18,16.7,16.3,31.6,17.1,44.7,42.6,27.9
"424",2019,"Mississippi","Male",26.4,25.8,14.4,29.1,24.6,53.2,45.2,31.5
"425",2019,"Missouri","Male",25.3,22.7,15.2,28.7,18.6,40.2,47.9,29.1
"426",2019,"Montana","Male",17.5,13.5,12.2,37.7,18.5,38.1,44.5,31.1
"427",2019,"National","Male",18.2,18.9,14.9,28.9,18.7,41.1,40.6,30.9
"428",2019,"Nebraska","Male",20.3,16.1,11.3,32.3,14.8,43.1,43.7,35.3
"429",2019,"Nevada","Male",14.3,15,16.2,23.9,29.2775401069519,39.995652173913,48.4,27
"430",2019,"New Hampshire","Male",14.3,16.1,14,28.6233983286908,29.2775401069519,39.995652173913,41.2614973262032,28.8
"431",2019,"New Jersey","Male",12.6,13.9,15.1,28.6233983286908,16,39.995652173913,39.2,28.6
"432",2019,"New Mexico","Male",21.9,18.2,14.6,26.6,21.4,39,44.4,33.2
"433",2019,"New York","Male",16,15.4,15.8,18.7,16.7,39.995652173913,43,24.2
"434",2019,"North Carolina","Male",22.3,17.9,14.8,30.1,18.1,47.5,48.8,26.8
"435",2019,"North Dakota","Male",20,16.5,16.1,39.8,14.3,42.9,45.3,32.5
"436",2019,"Ohio","Male",19.8,20,10.4,28.6233983286908,29.2775401069519,43.8,43.3,30.3
"437",2019,"Oklahoma","Male",25.6,20.7,14.4,32.7,20.6,50.1,52.4,37.2
"438",2019,"Pennsylvania","Male",17.1,17.9,12.8,28,18.9,42,44.5,32.6
"439",2019,"Puerto Rico","Male",24.9,17.1,13.6,28.5,22,62.6,46.1,19.6
"440",2019,"Rhode Island","Male",26.906338028169,18,12.8,13.2,29.2775401069519,41.9,42,27.7
"441",2019,"South Carolina","Male",21.3,20.2,13,14.8,18.5,51.5,51.8,24
"442",2019,"South Dakota","Male",17.7,17.9,15.6,22.4,29.2775401069519,42.9,43,35.1
"443",2019,"Tennessee","Male",26.7,24.3,17.1,23.2,23,54.3,49.9,29.3
"444",2019,"Texas","Male",21.5,20.6,14.2,35.6,20.3,50.5,49,29.9
"445",2019,"Utah","Male",14.8,13.2,11.5,14.8,13.5,34.7,41.5,28
"446",2019,"Vermont","Male",26.906338028169,15.2,12.8,28.6233983286908,29.2775401069519,29.1,38.3,28.5
"447",2019,"Virginia","Male",19.4,17.2,15.3,28.6233983286908,18.9,39.995652173913,44,29.4
"448",2019,"West Virginia","Male",32.3,25.5,15,32.8,19.7,50.3,49.6,33.3
"449",2019,"Wisconsin","Male",26.906338028169,17.5,11.9,28.6233983286908,17.8,39.995652173913,41.2614973262032,26
"450",2017,"Alaska","Male",17.9,14.5,15.8,20.4,20.4,40.2,45.5,23.2
"451",2017,"Arizona","Male",19.6,16.7,15,40.7,16.9,44.6,44,31.7
"452",2017,"Arkansas","Male",33,24.3,16.2,26.8,22.7,48.7,49.6,28.3
"453",2017,"California","Male",14.9,17.6,14.4,35.2,16.7,40.6,33.8,34.2
"454",2017,"Colorado","Male",26.906338028169,12.1,11.7,13.3,16.5,39.995652173913,41.2614973262032,34.4
"455",2017,"Connecticut","Male",12.4,14.6,14.7,8.9,15.6,37.9,40,29.7
"456",2017,"Delaware","Male",22.6,17.3,15.4,28.6233983286908,23.2,39.995652173913,41.2614973262032,33.2
"457",2017,"District of Columbia","Male",17.9,16.5,15.5,28.6233983286908,26.9,47.3,45.7,18.1
"458",2017,"Florida","Male",20.6,13.4,13,28.2,22.7,43.5,37.3,31.3
"459",2017,"Guam","Male",18.4,28.9,15.9,10.3,19.4,41.1,52,25.1
"460",2017,"Hawaii","Male",13.1,17.7,13.5,7.7,15.3,43.5,49.3,24.8
"461",2017,"Idaho","Male",15,12.2,15.2,26.6,15.8,38.7,36.1,31.6
"462",2017,"Illinois","Male",18.1,17.7,15.7,69.5,15.2,44.6,42.8,30.3
"463",2017,"Iowa","Male",21.3,18.8,15,20.7,18.5,42.5,43.3,37.4
"464",2017,"Kansas","Male",18.6,15.8,14.5,29.8,13.6,40.5,38.4,32.6
"465",2017,"Kentucky","Male",31.9,23,15,25.2,20.1,50.8,48.4,31
"466",2017,"Louisiana","Male",30.5,20.3,18,36.4,25,50.3,49.2,25.8
"467",2017,"Maine","Male",26.906338028169,18.1,15.2,7.1,22.9,39.995652173913,41.1,23.8
"468",2017,"Maryland","Male",15.7,14.7,14.4,18.3,21.2,42,44.8,23.4
"469",2017,"Massachusetts","Male",12.8,14.5,13.5,18.2,29.2775401069519,39.1,40.5,28.3
"470",2017,"Michigan","Male",21.1,19.3,13.3,28,21.4,42.8,40.5,29.1
"471",2017,"Missouri","Male",26.906338028169,18.9,15.2,32.3,20,44.2,46.1,35.5
"472",2017,"Montana","Male",19,14.5,14.9,38.8,17.5,37,40.3,37
"473",2017,"National","Male",22.3,17.5,14.4,34.7,20.8,40.6,36.7,35.3
"474",2017,"Nebraska","Male",24.2,16.9,15.8,32.9,20.4,39.2,42.6,32.5
"475",2017,"Nevada","Male",19,16.9,14.3,31.7,29.2775401069519,39.995652173913,40.6,31.1
"476",2017,"New Hampshire","Male",16.3,15.8,13.7,28.6233983286908,29.2775401069519,39.995652173913,38.4,30
"477",2017,"New Mexico","Male",23.4,18.2,15.1,29.6,20.9,36.9,40.6,39.1
"478",2017,"New York","Male",15.9,14.1,14.2,16.1,18.6,39.995652173913,39.8,28.1
"479",2017,"North Carolina","Male",26.3,18.5,13.4,29.3,21.1,40,43.5,30.7
"480",2017,"North Dakota","Male",21,16.8,16.2,28.6233983286908,19.3,40,38.6,34.1
"481",2017,"Oklahoma","Male",24.3,17.3,13.8,34.2,19.8,44.9,47.9,37.7
"482",2017,"Pennsylvania","Male",20.7,16,15.3,21.3,19.5,43,43.5,33
"483",2017,"Puerto Rico","Male",25.8,13.7,11.7,0.1,25.8,60.7,49.8,20.5
"484",2017,"Rhode Island","Male",13.2,17.3,14.9,18.1,22.3,42.7,42.6,30.9
"485",2017,"South Carolina","Male",25.9,17.6,15.5,24.2,21.1,48,48.2,29.3
"486",2017,"Tennessee","Male",28.8,23.9,16.9,29.3,22.7,45.9,44.8,33.4
"487",2017,"Texas","Male",22.5,21.1,15.8,32.3,22.1,45.1,45.4,31.6
"488",2017,"Utah","Male",18.7,13.8,12.9,18.2,16.6,37.6,40.6,25.2
"489",2017,"Vermont","Male",15.6,15.1,13.7,28.6233983286908,29.2775401069519,30.7,35.6,33.1
"490",2017,"Virginia","Male",19.1,14.3,14.3,16.2,19.1,40.5,41.3,29.2
"491",2017,"West Virginia","Male",30.1,23.4,13.9,30.8,23.7,47.3,44.6,30.4
"492",2017,"Wisconsin","Male",19.4,16.5,13.4,39.6,16.3,39.4,36.9,32.6
"493",2015,"Alabama","Male",27.6,18.6,18,39.6,28,47.2,48.6,35.5
"494",2015,"Alaska","Male",22.6,16.9,15.5,18.5,24.1,37.3,42.4,24.7
"495",2015,"Arizona","Male",22.5,14.5,15.1,30.6,22.8,42.1,38.6,32.1
"496",2015,"Arkansas","Male",32.6,21.3,17.6,32.2,31.2,45.2,45.4,36.7
"497",2015,"California","Male",16.3,18.5,17.1,40.1,23.7,38.3,30.9,31.8
"498",2015,"Connecticut","Male",16,15.2,14.4,12.6,21.6,36.9,40.5,32.6
"499",2015,"Delaware","Male",20.7,18.1,14.3,12.3,28.1,39.995652173913,36.5,31.4
"500",2015,"District of Columbia","Male",19.8,15.9,15,28.6233983286908,31.9,45.2,42.7,20.9
"501",2015,"Florida","Male",24.4,15.8,13.6,30.3,28.8,41.9,36.7,34
"502",2015,"Guam","Male",17.1,23.7,17.4,15.1,24.5,42,50.2,30.1
"503",2015,"Hawaii","Male",16.7,17.6,15.6,8.5,21.8,39.995652173913,48,26.7
"504",2015,"Idaho","Male",16.9,14.5,16.2,25.7,19.1,36.1,37.3,37.9
"505",2015,"Illinois","Male",22.3,16.7,16.1,61.8,22,42,39.7,33.8
"506",2015,"Indiana","Male",23.6,17.5,16.5,34.1,22.2,44,37.1,33.8
"507",2015,"Kentucky","Male",33,20.6,14.9,25.2,25.3,44.7,47.3,27.3
"508",2015,"Maine","Male",26.906338028169,17.2,14.9,6.5,23.5,39.995652173913,39.7,27.4
"509",2015,"Maryland","Male",19.1,14.1,14.5,18.7,26.4,40.1,41.3,25
"510",2015,"Massachusetts","Male",17.7,14.7,16,22.1,29.2775401069519,37.1,35,30.4
"511",2015,"Michigan","Male",23,17,15.8,28.8,22.4,44.1,40.2,30
"512",2015,"Mississippi","Male",29.9,21.7,14.9,25.8,30.9,47.6,48.9,28.6
"513",2015,"Missouri","Male",25.2,15.9,14.3,28.2,18.1,39.8,44.9,33.5
"514",2015,"Montana","Male",23.9,13,15.1,36.8,21.9,33.7,38.3,36.3
"515",2015,"National","Male",24.3,16.8,15.5,33.8,25,38,35.4,36
"516",2015,"Nebraska","Male",24.4,16.5,17.3,38.9,21.1,35.9,41.4,35.6
"517",2015,"Nevada","Male",16.1,17.8,15.9,30.7,22.2,39.7,37,35.9
"518",2015,"New Hampshire","Male",18.1,16.3,14.6,28.6233983286908,19.7,39.995652173913,41.2614973262032,29
"519",2015,"New Mexico","Male",24.3,19.5,15.9,30.8,24.6,38.5,43,38.3
"520",2015,"New York","Male",16.4,16.1,13.9,17.8,21.7,39.995652173913,45.8,27.8
"521",2015,"North Carolina","Male",29.8,20.2,14.6,30.4,31,41.5,41.9,33.8
"522",2015,"North Dakota","Male",24.7,19.1,12.3,37.9,20.9,42.4,39.3,34.5
"523",2015,"Oklahoma","Male",33.4,22,13.9,41.3,29.9,40.9,41.5,43.6
"524",2015,"Pennsylvania","Male",23.3,15.4,15,22.1,28.3,41.6,37.6,32.4
"525",2015,"Puerto Rico","Male",28.9,11.9,12.2,28.6233983286908,28.7,56,41.1,25.1
"526",2015,"Rhode Island","Male",15.6,16.2,15.2,16.7,22.6,43.4,38.9,27.7
"527",2015,"South Carolina","Male",26.6,19,18.8,33.2,27.8,51.9,44.4,34
"528",2015,"South Dakota","Male",28.7,18.8,15.7,15.4,21.1,42.3,44.2,36.8
"529",2015,"Tennessee","Male",31.8,22.7,16.4,28.9,28.9,46.3,43.7,33.9
"530",2015,"Vermont","Male",19.9,16.1,14.1,28.6233983286908,29.2775401069519,28.6,32.2,30.3
"531",2015,"Virginia","Male",19.5,14.5,14.6,14.7,24.2,39.3,38.5,32.3
"532",2015,"West Virginia","Male",33.7,23.4,16.8,25.6,25,46.1,46.1,33
"533",2015,"Wyoming","Male",26.6,13.8,15.2,21.6,19.8,36.2,38.4,33.5
"534",2013,"Alabama","Male",37.3,20.6,15.4,43.7,33.7,41.5,45,35.8
"535",2013,"Alaska","Male",20.2,13.4,14.7,20.3,21.2,36.6,37.1,27.7
"536",2013,"Arizona","Male",22.2,14.1,13.4,27.7,26.6,39.995652173913,41.2614973262032,27.8
"537",2013,"Arkansas","Male",33.1,23.7,16.7,24.7,35,40.2,43.9,34.3
"538",2013,"Connecticut","Male",17.1,14.5,14.3,28.6233983286908,25.1,34,35.4,33.4
"539",2013,"Delaware","Male",25.2,17.2,15.3,17.5,36.7,39.995652173913,35.4,32.7
"540",2013,"Florida","Male",25.3,14.9,13.4,30.9,31.5,41.9,35.5,34.1
"541",2013,"Georgia","Male",25.6,14.1,17.4,38.7,31.4,45.5,41.8,34.5
"542",2013,"Hawaii","Male",19.6,17.3,15.4,7.2,31.1,39.995652173913,44.4,30.6
"543",2013,"Idaho","Male",18.4,13,15.4,28.5,20.9,32.1,35.7,38.2
"544",2013,"Illinois","Male",26,13.7,16,64.5,28.4,39,35.4,31.6
"545",2013,"Kansas","Male",24.2,15.9,18,33.1,26.2,34.6,37.6,37.1
"546",2013,"Kentucky","Male",36.2,24.2,13.8,22.5,24.5,42.1,44.7,29.5
"547",2013,"Louisiana","Male",26.906338028169,14.1,17,37.5,33.1,39.995652173913,41.2614973262032,31.6818505338078
"548",2013,"Maine","Male",26.906338028169,15,14.8,5,24.3,39.995652173913,36.9,27.8
"549",2013,"Maryland","Male",20.8,13.8,14.8,22.7,30.8,37.8,39.3,27.5
"550",2013,"Massachusetts","Male",17.9,13.2,14.2,18.9,25.5,39.995652173913,41.2614973262032,29.4
"551",2013,"Michigan","Male",23.5,17.3,15.7,32.4,27.7,38.5,40.3,33.7
"552",2013,"Mississippi","Male",39.5,19.2,10,32.1,38,42.6,46.7,34.4
"553",2013,"Missouri","Male",25.6,18.5,14.7,37,26.8,39.1,42.8,36.2
"554",2013,"Montana","Male",23.3,12.9,14.6,38.7,24.6,33.9,38.9,35.4
"555",2013,"National","Male",29.9,16.6,16.5,34.9,32.8,38.5,34.7,36.6
"556",2013,"Nebraska","Male",27,17.2,15.7,39.3,23.9,39.9,38.5,40.4
"557",2013,"Nevada","Male",20.4,15.3,14.3,26.1,28.5,44.1,41.7,31
"558",2013,"New Hampshire","Male",26.906338028169,14.9,13.5,21.9,29.2775401069519,39.995652173913,41.2614973262032,30.1
"559",2013,"New Jersey","Male",14.1,12.5,15.5,45.2,27.5,37.6,39.1,38
"560",2013,"New Mexico","Male",25,16.6,15,29.5,27.1,37.5,39.4,38.6
"561",2013,"New York","Male",25.1,12.3,13.9,19.6,28.5,39.995652173913,35.1,33.8
"562",2013,"North Carolina","Male",31.1,15.3,14.5,28.6233983286908,31.6,38.6,41.1,36
"563",2013,"North Dakota","Male",30.3,16.7,15.1,28.6233983286908,23.2,36.4,37,30
"564",2013,"Ohio","Male",24.7,17.4,15.1,28.6233983286908,27.6,40.8,39.8,34.2
"565",2013,"Oklahoma","Male",33.3,14.1,14.7,35,32.4,42.2,46.2,49.9
"566",2013,"Rhode Island","Male",20.2,13.3,15.6,25,28.1,37.6,38.7,30.8
"567",2013,"South Carolina","Male",29.5,18,15.3,28.6233983286908,30.8,42.7,42.9,32.1
"568",2013,"South Dakota","Male",30.9,16.6,14.7,22.3,23.8,37.4,36.7,34.8
"569",2013,"Tennessee","Male",33.3,20,14.1,23.3,33.9,45.9,44.7,34.9
"570",2013,"Texas","Male",27.1,19.4,14.8,42.4,33.5,45.6,40.6,38.9
"571",2013,"Utah","Male",17.2,8.3,11,21.9,14.9,30.8,32.1,27.6
"572",2013,"Vermont","Male",26.906338028169,16.7,16.9,17.5,29.2775401069519,39.995652173913,41.2614973262032,32.8
"573",2013,"Virginia","Male",23.7,14.5,14.6,14.8,28.4,38.9,36.1,31.6
"574",2013,"West Virginia","Male",42.5,18.8,16.3,33.9,33.8,37.3,36.1,42
"575",2013,"Wisconsin","Male",24.4,15,12.1,40.4,21.6,39.995652173913,33.5,29.5
"576",2013,"Wyoming","Male",29.8,12.9,12.7,27.5,24.5,31.1,37.2,36.3
"577",2011,"Alabama","Male",42.5,19.7,15.3,44.7,40.8,41.7,41.6,41.7
"578",2011,"Alaska","Male",23,14,14.1,21.8,25.6,34.8,39.4,28
"579",2011,"Arizona","Male",30.9,14.6,15.1,36.3,30.9,39.995652173913,41.2614973262032,31.9
"580",2011,"Arkansas","Male",34.9,19.8,14.4,28,27.7,42.4,46.9,31.6818505338078
"581",2011,"Colorado","Male",26.8,11.7,13,28.6233983286908,22.4,39.995652173913,41.2614973262032,36.4
"582",2011,"Connecticut","Male",26.906338028169,16.5,16.5,28.6233983286908,27.5,38.6,34.2,34.8
"583",2011,"Delaware","Male",29.8,14.9,14.1,27.4,38.3,39.995652173913,42.8,32.4
"584",2011,"District of Columbia","Male",23.8,13.4,16.4,11.6,36.1,44.3,38.1,21
"585",2011,"Florida","Male",29.3,15.2,13.8,29.3,38.6,42.3,34.9,31.6818505338078
"586",2011,"Georgia","Male",31.6,18.2,16.6,37.7,34.2,42.9,39.5,36.1
"587",2011,"Hawaii","Male",21.1,17.7,13.6,9.9,34.8,41.1,42.9,28.8
"588",2011,"Idaho","Male",23.4,11.4,14.3,33.6,23.8,32.5,33.4,36.8
"589",2011,"Illinois","Male",29.6,15.9,13.2,71.3,30.7,40.9,38.1,30.5
"590",2011,"Indiana","Male",32.9,17.8,12.5,22.6,26.9,42.4,43.2,32.3
"591",2011,"Iowa","Male",34.8,16.2,14.5,24.2,24.4,33.5,34.5,37.7
"592",2011,"Kansas","Male",26.5,12.3,14.9,33.4,26.8,35.5,41,40.5
"593",2011,"Kentucky","Male",37.1,20.6,14.3,24.8,33,41.6,48.7,30.4
"594",2011,"Louisiana","Male",37.1,18.6,16.8,46.5,37.7,49.5,45,35.4
"595",2011,"Maine","Male",26.906338028169,15,15,7,25.8,39.995652173913,39.3,30.3
"596",2011,"Maryland","Male",27.1,13.4,15.5,24.2,35,37.6,37.7,31.6818505338078
"597",2011,"Massachusetts","Male",23.1,13.5,15.1,18.4,28.5,39.995652173913,41.2614973262032,31.6818505338078
"598",2011,"Michigan","Male",28.1,15.8,15.2,34.5,30.4,37.9,37.1,35.1
"599",2011,"Mississippi","Male",43.4,18.2,14.9,34.9,42.4,38.4,36.5,37.4
"600",2011,"Montana","Male",29.7,11.4,14,37,24.6,33.9,39,36.1
"601",2011,"National","Male",31.4,16.1,15.1,35.5,33.3,37.2,33.9,38.3
"602",2011,"Nebraska","Male",29.7,15,13.5,38.7,26.8,37.8,39.2,35.8
"603",2011,"New Hampshire","Male",26.906338028169,14.6,13.8,28.6233983286908,29.2775401069519,35.8,38.3,31.6818505338078
"604",2011,"New Jersey","Male",21.6,14.7,15.3,56,32.3,34.9,38.5,31.6818505338078
"605",2011,"New Mexico","Male",32.1,17.5,14.8,33.7,30.5,36.3,37.9,33.8
"606",2011,"New York","Male",23.5,13.9,14.6,19.7,31.3,39.995652173913,34.5,33.9
"607",2011,"North Carolina","Male",34.5,14.8,15.5,28.6233983286908,35.7,38.8,43.2,33.6
"608",2011,"North Dakota","Male",34,14.4,13.9,28.6233983286908,24.1,42.3,38.3,31.6818505338078
"609",2011,"Ohio","Male",28.3,17.4,17.2,26.7,32.5,43.6,40.5,35.3
"610",2011,"Oklahoma","Male",39.7,17.9,17.5,41.1,29.4,38.5,42.5,47.9
"611",2011,"Rhode Island","Male",25.2,13.2,14.9,23.4,27.7,36.7,36,35.4
"612",2011,"South Carolina","Male",35,18.1,14.3,30.8,36.8,48.8,50.4,36.1
"613",2011,"South Dakota","Male",36.5,12,13.9,22.7,25.6,40.5,42.6,37.3
"614",2011,"Tennessee","Male",42.8,17.9,17.1,25.9,36.1,41.7,42.7,41.8
"615",2011,"Texas","Male",32.3,19,13.9,38.7,36.7,47.2,40.8,35.4
"616",2011,"Utah","Male",17.9,12.2,13.6,16.9,19.8,32.8,32.8,27.1
"617",2011,"Vermont","Male",21.8,13.2,14.5,15.4,29.2775401069519,27.9,30.7,32.2
"618",2011,"Virginia","Male",25.8,11.4,18,21.3,29.6,42.5,37.3,31.1
"619",2011,"West Virginia","Male",42.6,19.5,16.1,32,34.1,36,35.2,38.4
"620",2011,"Wisconsin","Male",28.7,13.9,14.9,39,24.3,35.9,33.2,33.9
"621",2011,"Wyoming","Male",31,14.9,11.5,26.8,21.4,30.8,35.7,34.3
"622",2009,"Alabama","Male",41.9,16.9,15.1,34.4,39.1,46.2,51.8,25.1
"623",2009,"Alaska","Male",20.4,13.8,13.6,21.8,24.1,36.6,40.3,26
"624",2009,"Arizona","Male",33.5,16.8,13.9,40.8,32.7,39.995652173913,41.2614973262032,33.1
"625",2009,"Arkansas","Male",34.1,18.4,16,24.2,38,45.2,48,31.6818505338078
"626",2009,"Colorado","Male",29,8.5,11.6,25.3,29.7,31.7,32,34.1
"627",2009,"Connecticut","Male",26.906338028169,13.7,16.6,28.6233983286908,30.8,34.8,32.7,34.6
"628",2009,"Delaware","Male",32.1,15.3,14.8,28.1,39.1,39.995652173913,41.7,33.7
"629",2009,"Florida","Male",32.9,13.2,16.1,33.5,39.8,43.1,36,31.6818505338078
"630",2009,"Georgia","Male",32.3,14.3,13.7,32.9,38.4,39,39.8,33
"631",2009,"Hawaii","Male",26.2,16.9,13.1,13.3,31.2,36.3,42.3,24.7
"632",2009,"Idaho","Male",22.3,12.2,12.4,31.2,23.4,34.7,37.6,38
"633",2009,"Illinois","Male",35.3,14.7,16.7,67.7,36.9,45,40.6,31.8
"634",2009,"Indiana","Male",32.9,15.6,13.9,31.2,27.7,41,41,32.3
"635",2009,"Kansas","Male",36.4,14.9,13.2,24.1,29.8,34.8,37.7,37.4
"636",2009,"Kentucky","Male",39.7,20.4,14.8,29.8,28.6,42.6,48.2,30.4
"637",2009,"Louisiana","Male",37.4,17.9,14.7,36.1,37.7,47.6,49.9,31.6818505338078
"638",2009,"Maine","Male",26.906338028169,16.7,16.7,6.1,28.9,39.995652173913,41.6,22.9
"639",2009,"Maryland","Male",23.8,15.4,15.8,24.2,41.2,40.5,37.1,31.6818505338078
"640",2009,"Massachusetts","Male",25.9,14.3,13.7,19.1,31.6,39.995652173913,41.2614973262032,31.6818505338078
"641",2009,"Michigan","Male",32.4,15.7,15.2,36,34.2,40.7,38.6,32.3
"642",2009,"Mississippi","Male",42.2,20,16.2,34,44.7,44,40.5,30.2
"643",2009,"Missouri","Male",38.8,18.2,14.7,40.4,35,39.3,46,36.6
"644",2009,"Montana","Male",33.5,13,14.2,35.4,27.1,34.8,39.7,27.5
"645",2009,"National","Male",34.6,15.2,15.7,34.6,33.5,36.3,33,31.6818505338078
"646",2009,"Nevada","Male",26.4,15,13.3,28.6233983286908,33.9,42.7,40.4,33
"647",2009,"New Hampshire","Male",29.6,16.3,13.5,25.6,27.1,39.995652173913,41.2614973262032,31.4
"648",2009,"New Jersey","Male",24.2,13.8,14.8,28.6233983286908,33.5,37.6,35,31.6818505338078
"649",2009,"New Mexico","Male",35.5,18.3,14.6,33.9,35.3,36.8,40,29.4
"650",2009,"New York","Male",30.1,14.5,17.2,15.2,35.5,39.995652173913,35.8,31.6
"651",2009,"North Carolina","Male",36.4,16.7,13.8,28.6233983286908,37.1,39.9,43.5,33.6
"652",2009,"North Dakota","Male",32.9,14.6,14.6,28.6233983286908,31.2,40.6,42.9,31.6818505338078
"653",2009,"Oklahoma","Male",41.2,14.6,16.4,37.3,31.4,43.2,45.9,37.9
"654",2009,"Pennsylvania","Male",32.2,13.5,15.6,22.8,32.8,38.2,38.8,34.9
"655",2009,"Rhode Island","Male",25.1,12.3,16.4,22.6,30.9,38.8,34.1,31.3
"656",2009,"South Carolina","Male",35.4,18.7,13.9,20.2,38.6,50.9,52.7,22.5
"657",2009,"South Dakota","Male",36.5,13.1,13.1,22.6,26.6,38.2,41.6,36
"658",2009,"Tennessee","Male",42.8,18.5,14.8,27.4,37.8,43.4,46.4,34.8
"659",2009,"Texas","Male",37.2,15.8,15.5,43.8,36.6,44,36.6,37.5
"660",2009,"Utah","Male",19.3,8.2,10.1,24.2,16.4,32.7,36.3,31.6818505338078
"661",2009,"Vermont","Male",29.6,16.1,14.7,20.8,29.2775401069519,30,34.4,30.5
"662",2009,"West Virginia","Male",35.7,20.2,13.1,27.4,31.9,37.5,41.1,27.9
"663",2009,"Wisconsin","Male",28.9,11.7,14.2,44.9,26.8,36.8,35.9,29.6
"664",2009,"Wyoming","Male",33.3,11,13.1,26.1,23.9,34.7,40.9,33.6
"665",2007,"Alaska","Male",25.1,12.4,17.5,22.9,23.3,39.9,40.8,25
"666",2007,"Arizona","Male",34.1,14.6,15.9,32.2,29.2,45.4,45.1,31.6818505338078
"667",2007,"Arkansas","Male",42.4,18.3,14.8,30,37.3,49.2,52.2,31.6818505338078
"668",2007,"Connecticut","Male",26.906338028169,16,14.8,28.6233983286908,31.5,33.7,34.2,31.1
"669",2007,"Delaware","Male",37.9,15.6,15.9,28.7,40.2,39.995652173913,45.7,30.6
"670",2007,"District of Columbia","Male",31.6,19.5,15.7,16.9,50.7,48.5,43.4,23.2
"671",2007,"Florida","Male",35.3,15.4,15.3,29,40.6,41.3,37.6,31.6818505338078
"672",2007,"Georgia","Male",36.2,16.5,17.4,43.9,43.4,43.2,39.4,36.4
"673",2007,"Hawaii","Male",23.5,19.2,13.2,9,32,44.6,48.1,22.3
"674",2007,"Idaho","Male",29.4,15.4,10.3,40.6,25.6,35.4,41.1,31
"675",2007,"Illinois","Male",39.3,15.9,15.5,49.6,37.3,45,39.6,29.5
"676",2007,"Indiana","Male",43.4,17.7,15.8,30.1,30.9,37.7,39.7,30.6
"677",2007,"Iowa","Male",41.7,13.7,16.2,23.1,26.4,33.7,40.2,32.9
"678",2007,"Kansas","Male",36.5,15.2,14.5,32.8,28.3,33.9,36.2,36.2
"679",2007,"Kentucky","Male",44.1,19.7,17.2,23.5,27.7,44.1,52.4,24
"680",2007,"Louisiana","Male",37.3,19.4,20.8,47.8,37.9,53.2,49.6,32.9
"681",2007,"Maine","Male",26.3,17.5,13.8,7.3,24,26.4,41.8,31.6818505338078
"682",2007,"Maryland","Male",26.906338028169,16.6,15,18.2,41.5,40.8,44.7,31.6818505338078
"683",2007,"Massachusetts","Male",31.5,14.7,14,18.7,30.7,39.995652173913,41.2614973262032,29.1
"684",2007,"Michigan","Male",34.6,14.9,17.3,33.5,34.7,40.1,42.9,28.3
"685",2007,"Mississippi","Male",49.5,21.2,16.9,30.8,48.3,44.1,41.2,30.9
"686",2007,"Missouri","Male",37.9,15.3,14.9,30.6,30.1,42.5,43,38
"687",2007,"Montana","Male",31.1,13.7,13.8,37.4,24.9,34.9,39.5,28.8
"688",2007,"National","Male",38.6,16.2,16.4,33.2,37.5,40.2,37.2,31.6818505338078
"689",2007,"Nevada","Male",26.5,14,15.1,28.6233983286908,37.2,40.4,41.1,29.1
"690",2007,"New Hampshire","Male",33.2,15.8,15.6,20.4,31.5,31,39.6,30.4
"691",2007,"New Mexico","Male",30.7,15.5,13.2,31,26.9,36.8,42.2,26.2
"692",2007,"New York","Male",27.3,14.1,16.2,14.3,35.6,39.995652173913,39.5,27.9
"693",2007,"North Carolina","Male",38.5,15.9,17,35.4,36.5,46.9,47.5,31.5
"694",2007,"North Dakota","Male",37.2,11.8,16,28.6233983286908,29,39.9,40.8,30.3
"695",2007,"Ohio","Male",36.6,16,15.4,29.6,32.8,43,47.1,35.6
"696",2007,"Oklahoma","Male",45.2,19.2,13.7,40.7,36.3,42.4,45.3,41.4
"697",2007,"Rhode Island","Male",30.1,13.7,16.2,24.4,28.1,36.6,41.1,34.2
"698",2007,"South Carolina","Male",34.9,16.6,15.3,25.7,35,49.1,49.8,26.4
"699",2007,"South Dakota","Male",35.8,10.5,16.4,17.5,24.8,38.3,42.7,29.5
"700",2007,"Tennessee","Male",51.2,21.6,16.4,34,37.2,40.5,45.2,35.4
"701",2007,"Texas","Male",42.7,19.8,15.4,44.6,38.5,46.5,42.3,34.6
"702",2007,"Utah","Male",21,11.9,13.2,38.2,18.4,35.6,39.5,26.7
"703",2007,"Vermont","Male",31.9,15,14.9,20.9,29.2775401069519,31.2,34,32.5
"704",2007,"West Virginia","Male",50.8,17.5,14.9,29.7,32.7,42,41.3,35
"705",2007,"Wisconsin","Male",31.4,14.7,15.3,28.6233983286908,27.3,38.7,41,31.6818505338078
"706",2007,"Wyoming","Male",34.6,11.7,12.6,24.6,24,34.2,40.9,33.4
"707",2005,"Alabama","Male",26.906338028169,16.4,17,54.3,35.4,46.4,50.5,31.6818505338078
"708",2005,"Arizona","Male",26.906338028169,16.5,15.3,31.9,31.7,45.1,46.6,31.6818505338078
"709",2005,"Arkansas","Male",26.906338028169,20,15.4,27.6,38,45.5,55.6,31.6818505338078
"710",2005,"Colorado","Male",26.906338028169,12.7,10.2,19.9,30.4,31.7,32.3,31.6818505338078
"711",2005,"Connecticut","Male",26.906338028169,13.8,16.3,12.8,35.3,39.2,37.3,31.6818505338078
"712",2005,"Delaware","Male",26.906338028169,17.4,14.3,32.2,45.6,44.6,41.7,31.6818505338078
"713",2005,"District of Columbia","Male",26.906338028169,12.9,21.5,18,60.3,33.3,43.6,31.6818505338078
"714",2005,"Florida","Male",26.906338028169,14.5,15.6,30.9,41.2,28,40,31.6818505338078
"715",2005,"Georgia","Male",26.906338028169,15,14.9,44.5,42.6,45.9,41.6,31.6818505338078
"716",2005,"Hawaii","Male",26.906338028169,17.8,15.6,15.6,36.7,36.8,44.4,31.6818505338078
"717",2005,"Idaho","Male",26.906338028169,8.8,14.9,34.3,24.6,33,39.1,31.6818505338078
"718",2005,"Indiana","Male",26.906338028169,20.4,13.6,31.2,34.2,39.7,44.9,31.6818505338078
"719",2005,"Iowa","Male",26.906338028169,15.5,16.5,11.3,31.8,40.1,40.5,31.6818505338078
"720",2005,"Kansas","Male",26.906338028169,14.7,12.9,36.5,32.2,32.8,36,31.6818505338078
"721",2005,"Kentucky","Male",26.906338028169,20.4,17.2,20.2,37.9,42.4,46.9,31.6818505338078
"722",2005,"Maine","Male",26.906338028169,15.1,14.9,7.6,30.1,31,43,31.6818505338078
"723",2005,"Maryland","Male",26.906338028169,15.5,16.2,21.6,41.2,42.2,39.8,31.6818505338078
"724",2005,"Massachusetts","Male",26.906338028169,14.8,16.4,18.3,34.8,39.995652173913,41.2614973262032,31.6818505338078
"725",2005,"Michigan","Male",26.906338028169,15.8,14.3,36.5,38.3,44.5,43.9,31.6818505338078
"726",2005,"Missouri","Male",26.906338028169,17.1,15.9,36.6,38,38.7,43,31.6818505338078
"727",2005,"Montana","Male",26.906338028169,13.9,13,38.4,28.5,35.4,39.1,31.6818505338078
"728",2005,"National","Male",26.906338028169,15.9,15.8,37.1,38,39.1,38.5,31.6818505338078
"729",2005,"Nebraska","Male",26.906338028169,14,14.6,40.2,27.5,37.3,44.4,31.6818505338078
"730",2005,"New Hampshire","Male",26.906338028169,14.9,14.4,28.6233983286908,29.1,39.995652173913,41.2614973262032,31.6818505338078
"731",2005,"New Jersey","Male",26.906338028169,14.5,17.5,60.3,37.7,44,40.7,31.6818505338078
"732",2005,"New Mexico","Male",26.906338028169,17.3,14.6,28,27.5,36.4,44.4,31.6818505338078
"733",2005,"New York","Male",26.906338028169,12.7,17.6,17.9,43.8,39.3,35,31.6818505338078
"734",2005,"North Carolina","Male",26.906338028169,15.6,15.5,43.5,36.8,39.995652173913,41.2614973262032,31.6818505338078
"735",2005,"North Dakota","Male",26.906338028169,15.8,13,41.8,26.5,34.8,41.6,31.6818505338078
"736",2005,"Ohio","Male",26.906338028169,16,14.4,28.6233983286908,36.7,39.995652173913,42.1,31.6818505338078
"737",2005,"Oklahoma","Male",26.906338028169,18.1,15.8,39.6,41.3,42,47.3,31.6818505338078
"738",2005,"Rhode Island","Male",26.906338028169,17,16.4,20.8,38.3,33.3,32.7,31.6818505338078
"739",2005,"South Carolina","Male",26.906338028169,16.7,12.6,26.3,41.4,45.3,44.4,31.6818505338078
"740",2005,"South Dakota","Male",26.906338028169,13.7,13.8,26,27.2,33.2,41.4,31.6818505338078
"741",2005,"Tennessee","Male",26.906338028169,17,18.8,34.4,42.3,39.3,45.1,31.6818505338078
"742",2005,"Texas","Male",26.906338028169,16.3,14.4,37.1,41.4,45.8,39.6,31.6818505338078
"743",2005,"Utah","Male",26.906338028169,7.9,11.5,25.1,20.6,34.4,41.5,31.6818505338078
"744",2005,"Vermont","Male",26.906338028169,13.1,15,13.8,29.2775401069519,30.9,30.9,31.6818505338078
"745",2005,"West Virginia","Male",26.906338028169,19.1,14.7,35.3,41.1,35.4,41.4,31.6818505338078
"746",2005,"Wisconsin","Male",26.906338028169,13.7,14.6,64.7,29.4,39.995652173913,41.2614973262032,31.6818505338078
"747",2005,"Wyoming","Male",26.906338028169,12.1,12.6,26.1,24.5,34.7,42.1,31.6818505338078
"748",2003,"Alabama","Male",26.906338028169,15.6,15,37.1,41.9,46.4,48.1,31.6818505338078
"749",2003,"Alaska","Male",26.906338028169,13.7,15.1,21.8,28.6,39,40.7,31.6818505338078
"750",2003,"Arizona","Male",26.906338028169,15.8,13.7,27.1,40.7,37.6,39.5,31.6818505338078
"751",2003,"Delaware","Male",26.906338028169,17,16.4,31.7,47.1,39.2,38.1,31.6818505338078
"752",2003,"District of Columbia","Male",26.906338028169,15.4,16.2,20.7,55.6,43,44.7,31.6818505338078
"753",2003,"Florida","Male",26.906338028169,16.4,14.5,30.8,44.6,41.4,41.6,31.6818505338078
"754",2003,"Georgia","Male",26.906338028169,15.4,15,37.7,44.2,41.3,42.4,31.6818505338078
"755",2003,"Idaho","Male",26.906338028169,8.6,11.4,35.4,26.6,31.2,34.3,31.6818505338078
"756",2003,"Indiana","Male",26.906338028169,13.9,15.2,31.2,35.6,37.6,42,31.6818505338078
"757",2003,"Kentucky","Male",26.906338028169,19.4,14.3,28.7,31.3,46.8,53.1,31.6818505338078
"758",2003,"Maine","Male",26.906338028169,17.6,13.8,8.8,29.2,31.5,39.2,31.6818505338078
"759",2003,"Massachusetts","Male",26.906338028169,12.9,15.1,14.6,34.3,39.995652173913,41.2614973262032,31.6818505338078
"760",2003,"Michigan","Male",26.906338028169,15.7,15.2,33.6,39.2,40.9,41.9,31.6818505338078
"761",2003,"Mississippi","Male",26.906338028169,20.5,17.2,32.5,55.4,41.3,42.6,31.6818505338078
"762",2003,"Missouri","Male",26.906338028169,15.9,14.9,37.7,35.6,39.5,40.6,31.6818505338078
"763",2003,"Montana","Male",26.906338028169,11.2,11.5,36.7,28.2,34.8,41.2,31.6818505338078
"764",2003,"National","Male",26.906338028169,15.7,15.2,30.5,39.3,36.6,38.9,31.6818505338078
"765",2003,"Nebraska","Male",26.906338028169,14.7,15.9,42.1,30.3,34.3,40,31.6818505338078
"766",2003,"New Hampshire","Male",26.906338028169,12.6,14.9,28.6233983286908,28.7,39.995652173913,41.2614973262032,31.6818505338078
"767",2003,"New York","Male",26.906338028169,16.3,16.7,18.5,47.4,38.2,33,31.6818505338078
"768",2003,"North Carolina","Male",26.906338028169,16.6,14.8,36.5,29.2775401069519,40.3,41.1,31.6818505338078
"769",2003,"North Dakota","Male",26.906338028169,12.5,11.9,40.1,24.4,34.1,42,31.6818505338078
"770",2003,"Ohio","Male",26.906338028169,18.2,13.3,35.9,33.5,39.995652173913,32.7,31.6818505338078
"771",2003,"Oklahoma","Male",26.906338028169,15.9,12.5,34.5,37.4,43.5,47.4,31.6818505338078
"772",2003,"Rhode Island","Male",26.906338028169,14.1,13.8,22.1,36.3,33,31.1,31.6818505338078
"773",2003,"South Dakota","Male",26.906338028169,11.8,15.5,20.1,29.1,33.2,40.3,31.6818505338078
"774",2003,"Tennessee","Male",26.906338028169,20.6,14.4,32.3,48.2,40.4,44,31.6818505338078
"775",2003,"Utah","Male",26.906338028169,8.3,12.8,28.6,25,29,33.1,31.6818505338078
"776",2003,"Vermont","Male",26.906338028169,14,14.8,16.2,29.2775401069519,27.7,29.3,31.6818505338078
"777",2003,"Virgin Islands","Male",26.906338028169,13.9,14.9,35.5,62.9,48.4,39.9,31.6818505338078
"778",2003,"West Virginia","Male",26.906338028169,19.4,15.4,32.1,38,37.9,44,31.6818505338078
"779",2003,"Wisconsin","Male",26.906338028169,13.7,14.5,28.6233983286908,29.2775401069519,39.995652173913,41.2614973262032,31.6818505338078
"780",2003,"Wyoming","Male",26.906338028169,10.5,13,30.7,31.1,27.5,35.2,31.6818505338078
"781",2001,"Alabama","Male",26.906338028169,16.8,15.3,40.8,47.3,46.3,53.2,31.6818505338078
"782",2001,"Arkansas","Male",26.906338028169,18.6,16.4,31.4,47.3,39.5,44.6,31.6818505338078
"783",2001,"Delaware","Male",26.906338028169,12.9,15.2,32.8,45.8,33.2,31.4,31.6818505338078
"784",2001,"Florida","Male",26.906338028169,13.6,15.1,29.8,47.5,41.9,41.3,31.6818505338078
"785",2001,"Idaho","Male",26.906338028169,9.7,12.6,34.5,28.6,33.4,41.2,31.6818505338078
"786",2001,"Maine","Male",26.906338028169,14.8,16.2,5.3,27.6,26.8,37,31.6818505338078
"787",2001,"Massachusetts","Male",26.906338028169,13.5,16.6,18.6,35.4,39.995652173913,41.2614973262032,31.6818505338078
"788",2001,"Michigan","Male",26.906338028169,13.9,14.6,32.7,31.5,35,35.8,31.6818505338078
"789",2001,"Mississippi","Male",26.906338028169,18.3,16.4,33.9,56.7,43.6,39.9,31.6818505338078
"790",2001,"Missouri","Male",26.906338028169,16.9,17,33.9,43.5,38.2,41.3,31.6818505338078
"791",2001,"Montana","Male",26.906338028169,8.3,12.1,34.5,26,30.1,39,31.6818505338078
"792",2001,"National","Male",26.906338028169,14.2,15.5,36.3,41.8,36.7,37.7,31.6818505338078
"793",2001,"New Jersey","Male",26.906338028169,14,15.5,66,44.2,35,30.4,31.6818505338078
"794",2001,"North Carolina","Male",26.906338028169,16.6,15.5,40.6,29.2775401069519,37.4,41.9,31.6818505338078
"795",2001,"North Dakota","Male",26.906338028169,13.8,14.1,33.7,31.6,33.1,39.5,31.6818505338078
"796",2001,"Rhode Island","Male",26.906338028169,14.7,15.1,16.2,37.5,29.2,27.9,31.6818505338078
"797",2001,"South Dakota","Male",26.906338028169,10.7,13.5,14.6,25.7,32.5,42.4,31.6818505338078
"798",2001,"Texas","Male",26.906338028169,19.3,15.1,36,49,41.7,42.3,31.6818505338078
"799",2001,"Utah","Male",26.906338028169,9.6,7.9,23.4,19.7,29.5,40,31.6818505338078
"800",2001,"Vermont","Male",26.906338028169,13.8,12.9,30.4,29.2775401069519,27.7,27.8,31.6818505338078
"801",2001,"Wisconsin","Male",26.906338028169,13.3,14.6,28.6233983286908,29.2775401069519,39.995652173913,41.2614973262032,31.6818505338078
"802",2001,"Wyoming","Male",26.906338028169,9.3,12.1,34,29.8,29.2,37.1,31.6818505338078
