"","X","Soda_a_day","Obesity","Overweight","PE_daily","TV_.3hrs_daily","No_vege_daily","No_fruit_daily","Excercise_Daily_..1hr","race"
"1",1,10.9,13.5,21.6,19.6,23.3,34.8,46.2,19.4,1
"2",2,11.7,15.6,14.9,22.4,29.9,44.7,45.4,15.6,1
"3",3,14.7,10.9,15.9,18.7,20.7,32,35.9,17.2,1
"4",4,13.1,14.7,15.5,18.7,21.2,43.7,45.8,21.7,1
"5",5,16.7,19.6,15.8,14.7,15.2,51.9,41.6,22.5,1
"6",6,9.7,16.6,14.6,7.2,20.5,44.3,49.6,28.2,1
"7",7,6.7,11.8,13,3.8,13.8,46.8,56.9,19.8,1
"8",8,9.8,19,17.2,4.9,23.2,42,36.5,21.4,1
"9",9,12.7,11.1,16.7,15.4,21.3,37,45.6,21.1,1
"10",10,18.5,17.1,20.9,19.2,22.8,50.9,47,17,1
"11",11,11.2,13.2,14.4,26.9,13.8,39.7,43,24.3,1
"12",12,13.4,15.6,18.5,25.6,23.3,41.4,41.7,21.5,1
"13",13,6.1,15.2,10.6,15.6,28.6,42.5,46.4,19.8,1
"14",14,8.4,14.2,15.3,18.3,20,24.4,37,21.2,1
"15",15,18.6,11.1,15.5,18.4,17.2,32,45,20.1,1
"16",16,9.8,14.3,13.1,20.4,20.3,39.8,42.3,22.1,1
"17",17,18.7,19.8,23.4,24.2,31.3,44.2,40.4,20.8,1
"18",18,24.5,21.1,22,22.4,22.7,41.3,54.3,24.1,1
"19",19,9.2,15.9,16,19.7,24.8,33.9,39.4,19.1,1
"20",20,11.7,21.7,14.3,20.2,21.3,40.1,44.4,35.7,1
"21",21,29.8,14.7,12.8,14.7,28.8,23.7,35.6,21.9,1
"22",22,17.6,15.7,14,13.1,23.8,37,41.9,22.6,1
"23",23,23,21.4,17.2,15,23.8,38.2,38.4,26.8,1
"24",24,11.6,15.1,21.7,17.6,21.5,41.3,43.3,15.1,1
"25",25,14.8,18.3,13.1,11.7,21.3,36.1,39.1,17.4,1
"26",26,19.9,20.1,14.8,6.2,25.8,36.5,30.2,20,1
"27",27,13.1,15.1,15,20.6,24.7,36.3,39.1,17.6,1
"28",28,16.9,11,11.8,28.3,27.3,40.4,35,24.2,1
"29",29,16,21.3,14.9,5.2,17.8,37.2,47.7,19.2,1
"30",30,7.7,12.5,14.9,4.4,15.3,40.5,46.2,21.8,1
"31",31,10.3,16.4,20.4,70.6,15.5,36.2,32.8,36.1,1
"32",32,31.6,17.9,17.5,19.9,34.8,45.5,49.3,26.4,1
"33",33,12.6,18.2,22.7,26,16.7,27.5,23.6,28,1
"34",34,12.5,14.3,16.8,7.2,24.8,37.9,44.9,17.5,1
"35",35,14.1,12.1,16,14.6,21.9,42.4,44.6,19.1,1
"36",36,14.2,13.9,16.5,16,22.8,32.4,32,26.1,1
"37",37,16.6,15.4,20.9,31.7,21.6,37,42,25.9,1
"38",38,18.1,17.7,13.8,27.9,21.3,43.1,39.5,28.3,1
"39",39,13.2,12.5,18.2,22.6,16.8,40.7,49.6,24.6,1
"40",40,14.1,12.1,13.4,27.3,27.8,35.4,35.2,24.4,1
"41",41,21.1,12.9,14.4,26.7,20.2,36.2,41.7,35.8,1
"42",42,8.6,20.2,23,10.6,21.8,47.8,45,28.5,1
"43",43,25,19.1,16,30.4,25.7,39.8,35.2,25.2,1
"44",44,17.1,18.7,17.5,25.4,23.4,29.8,33.3,30.2,1
"45",45,18.1,20.1,19.2,21.2,21.4,50.6,52.6,31.3,1
"46",46,14.7,16,19.8,24,23.8,48.5,42.8,16.7,1
"47",47,9.1,13.2,17.9,13.5,37.6,47.5,47.5,20.6,1
"48",48,23.8,21,28.9,30.3,18,52.8,42.9,25,1
"49",49,11.7,16.7,16.1,8.4,17.9,29.2,36.2,24,1
"50",50,14,10.6,19.8,10,19.2,39.9,41,26.4,1
"51",51,27,16.5,13.5,38,26.4,38.8,39.5,24.3,1
"52",52,11.1,17.8,17.3,15.2,21.2,37.6,48.1,20.4,1
"53",53,29,17.8,14.6,18.6,16.1,35,47.5,33.6,1
"54",54,8.1,16.7,13.8,9.4,18.4,21.7,26.7,29.3,1
"55",55,15.6,14.6,20.2,14.1,23.2,40.1,36.8,24.7,1
"56",56,18.1,9.5,24.2,12.3,35.8,48.1,45,33,1
"57",57,12.4,15,15.6,10.9,31.1,39.7,38.3,15.9,1
"58",58,19.8,14.4,15.1,25.4,35,38.3,38.5,25,1
"59",59,12.5,18.4,20,8.4,20.6,40,54.4,31.9,1
"60",60,11.9,9.8,13,4.5,18,28.2,54.5,21.2,1
"61",61,8.7,7.8,17.7,68.1,34.4,26.6,36.7,27.7,1
"62",62,20.5,26.5,11,34.5,27.7,33.7,36.1,32.5,1
"63",63,26.3,16.8,22.7,31.1,30.1,47.3,53.3,25.4,1
"64",64,22.7,14.9,14.7,5.7,21.8,25.6,37.8,21.2,1
"65",65,17.3,12.8,15.6,15.8,27,37.5,40.5,21.4,1
"66",66,19.4,13.8,21.9,23.7,27.5,34.4,37.4,21.1,1
"67",67,14.4,17.5,13.2,24.7,22.7,36.2,25.5,23.4,1
"68",68,28.3,20,14.6,27.5,33.1,48.2,42,28.8,1
"69",69,16.3,18.7,16.7,32.4,18.4,38.1,41.8,30.3,1
"70",70,24,17.5,15.5,29.7,27.9,43.9,39.8,30.4,1
"71",71,12.9,13.4,15.4,14.9,22.9,28.3,35,26,1
"72",72,19.8,12,15.8,29.3,23.1,39.8,45.9,35.6,1
"73",73,11.2,16.7,9.9,10.9,28.6,40.1,45.9,22.3,1
"74",74,26,15,17.4,27.7,40.7,34,40.2,21.4,1
"75",75,27.9,20.1,16.1,32.9,29,47.8,45.1,30.1,1
"76",76,27.4,11.2,26.4,27.5,30.9,32.3,27.2,37.5,1
"77",77,11.7,10.4,20.4,14.7,22.3,36.3,41.9,25.2,1
"78",78,24.1,21.3,15.3,28.4,27.2,45.4,40.7,31.2,1
"79",79,17.1,16,15.1,19.2,20.9,30.7,29.7,22.1,1
"80",80,17.3,17.7,16.1,12.3,31.2,42.6,39.3,24.4,1
"81",81,27.8,8.9,10.1,11.8,15.7,31.1,42.6,25.6,1
"82",82,15.9,21.2,17.6,14.1,17.3,23.8,37.8,26.9,1
"83",83,16.6,15.9,12.4,30.1,20.5,24.6,37.6,30.4,1
"84",84,26.3,12,21.1,12.6,37.6,35.9,40.3,34.4,1
"85",85,26,11.2,14.5,26.9,34.1,40.4,29.9,29,1
"86",86,13.6,12.7,13.7,7.1,29,35,45.5,23.5,1
"87",87,23.5,12,15.6,22.5,40.2,43.1,33.4,30.6,1
"88",88,23,15.5,19.1,22.8,30.5,36.6,37,28,1
"89",89,24.7,18.2,15.3,3.2,23.5,30.1,39.7,21.7,1
"90",90,17.4,11.8,14.4,17.7,35.4,33.7,37.7,23.1,1
"91",91,17.5,17.1,9.3,18.7,35.3,36.1,30.1,25.3,1
"92",92,22.1,11.1,14.7,24.3,32.7,44.2,37.2,25.8,1
"93",93,19.4,10.4,16.6,33.6,29.1,35.4,37.3,29.6,1
"94",94,24.5,15.2,12.3,31.2,38.3,36.4,30.6,27.8,1
"95",95,11.6,11.5,13.5,25.1,32,38.5,45.3,23.9,1
"96",96,19.6,8.2,11.4,28.2,27.5,30,34,25.5,1
"97",97,25.3,22.5,6.4,19.2,28.7,30.9,30.1,37.5,1
"98",98,30.6,16.2,13.1,15.5,37.4,32.4,31,33.9,1
"99",99,31.6,15.4,11.3,36.3,22.5,37,49.7,37.1,1
"100",100,20.5,12.1,17.3,24,35.1,39.1,49.3,25.3,1
"101",101,33.5,16.8,17.1,21.2,29.4,34.7,37,30.9,1
"102",102,23,13.5,14.8,14.9,32.6,37.4,36.2,26.8,1
"103",103,17.6,8.2,9.8,35.2,29.1,32.7,36.5,19.4,1
"104",104,29.9,6.6,14.8,27.9,33.4,27.8,34,32.1,1
"105",105,17.5,12.7,13.7,17,30.8,32.1,30.8,24.8,1
"106",106,27.9,15.5,14.4,29.3,39.7,46.1,44.8,29.7,1
"107",107,22.6,11.1,12.2,19.8,35.5,30.8,33,23.6,1
"108",108,15.1,12.3,15.5,6.2,29.4,39.4,41,20.4,1
"109",109,18.9,15.1,16.2,72.5,36.7,47.1,35,33.5,1
"110",110,27.7,17.2,17.7,20.3,34.9,42.9,39.1,23.5,1
"111",111,27.7,12,17.9,23.6,33.9,40.9,43.4,22.7,1
"112",112,17.9,15.5,15.3,9.4,30.4,29.6,32.9,23.7,1
"113",113,23.1,10.8,15.2,21.8,38.2,38.9,38.5,30.2,1
"114",114,17.8,17,25.4,21.1,24.7,37.5,39.3,27.4,1
"115",115,24.6,7.6,25.5,25.3,39,38.6,41.1,26.1,1
"116",116,29.3,14.5,14.7,35.5,24.5,29.6,37.1,34.3,1
"117",117,23.2,13.6,15.4,31.1,33.5,36.1,37.4,31.9,1
"118",118,26.2,19.5,16.6,29,31.8,38.6,40.9,30,1
"119",119,28.3,13.9,14.5,27.3,20.9,28.5,29.9,29.3,1
"120",120,20.6,11.9,13.2,25.1,39.4,34.5,38.6,23.1,1
"121",121,35.7,16.5,20.8,29,38.9,43.6,48,25.4,1
"122",122,35,18.8,14,38.3,29.4,39.9,40.8,37.5,1
"123",123,26.1,17.8,16.8,22.9,33,33.1,30.8,28.8,1
"124",124,31.3,14.4,11.6,41.7,33.6,46.2,45,30.5,1
"125",125,14.8,13.7,14.7,15.7,33.9,25.6,31.8,24.5,1
"126",126,26.1,8.6,17.2,36.9,34.9,43.7,34.4,28.9,1
"127",127,32.9,15.4,10.8,25.4,21.3,25,31.3,22.2,1
"128",128,19.9,9.8,16.5,16.8,18.5,31.5,37.1,17.4,1
"129",129,28.4,22,19.4,23.9,39.5,42,43.2,26.5,1
"130",130,29.7,7.7,16.9,26.8,39.3,42,38.1,26.3,1
"131",131,19.1,10.4,13.8,6.5,35,38.8,48.1,13.8,1
"132",132,37.1,18.8,10.9,63.6,47.3,49.2,36.5,19.1,1
"133",133,40.1,22.9,12.2,15.5,29.7,33.1,28.8,29,1
"134",134,23.1,15.7,17.9,6.3,26,36.2,38.5,24.2,1
"135",135,29.6,17.4,12.5,14.7,43.6,32.9,28.1,20.1,1
"136",136,34.2,9,19.4,34.2,31.6,36.9,29.2,26.4,1
"137",137,28.6,13.4,14.2,29.6,34.6,35.6,31.6,29.1,1
"138",138,21.6,13,13.8,17.1,35.5,41.9,47,25.2,1
"139",139,28.9,15.8,21,7.5,37.9,35.2,33.5,22.6,1
"140",140,26.6,14.9,13.6,22.6,43.4,48.2,40.5,20.2,1
"141",141,31.7,16.2,20.3,30.9,27.4,36.1,41.6,30.4,1
"142",142,19.5,16.4,23,24.1,35.8,34,36.9,23.9,1
"143",143,28.8,13.1,18.8,20,32.1,25.8,30.8,24.4,1
"144",144,35.5,8.7,12.4,26.9,26.2,37.9,39.9,24.3,1
"145",145,39.2,18.5,21.7,19.8,53.3,44.3,46.6,17.2,1
"146",146,18.8,11.6,15.8,6.9,35,47.1,49.5,15.6,1
"147",147,26.2,11.3,10.5,31.1,33.5,31.1,36.4,21.3,1
"148",148,17.1,13,16.9,36.4,27.1,43,36.5,16,1
"149",149,31.9,12,11.1,38.9,30.7,30.5,39.4,24.1,1
"150",150,29.6,13.5,18.5,25.5,37.5,33.4,32.9,33,1
"151",151,21.7,7.4,16.9,8.3,38.1,33.4,39.4,23.8,1
"152",152,33.2,11.1,13.4,28.7,25.6,45.6,42.3,28.6,1
"153",153,43.8,16,13.5,36.2,37.2,39.6,46.6,30.3,1
"154",154,27.4,14.3,18.6,25.6,34.8,28,40.8,27.8,1
"155",155,29,17.1,17.7,20,29.2,32.9,37.9,28.1,1
"156",156,18.9,18.6,11.6,27.4,19.4,44.5,49.4,15.5,2
"157",157,18.3,21.5,19,7.5,28.1,38,46.4,24.3,2
"158",158,14,13.6,18.1,17.2,19.4,50.6,52.5,24.8,2
"159",159,15.9,19.9,17.5,35.8,25.1,47.2,45.3,20.7,2
"160",160,23,21.3,27.4,22.6,33.2,38.5,44,26.5,2
"161",161,19.1,23.1,11.4,28.6,25.3,39.3,43.1,36.8,2
"162",162,19.7,24.6,21.1,27.9,21,35.2,42.6,28.4,2
"163",163,19.1,7.4,9.8,22.3,26.7,33.8,40.8,28.2,2
"164",164,19,27.5,27.3,27.1,22.3,45.2,46.6,20.8,2
"165",165,30.6,22.1,18.2,30.2,26.4,50.4,56.2,33.9,2
"166",166,19.2,27.2,16.5,16.1,41,46.3,43.1,20.3,2
"167",167,17.8,19.1,12.3,19,17.8,34.5,41.9,29.8,2
"168",168,20.7,13.5,22.4,23.5,26.4,56.4,54.9,14.7,2
"169",169,22.5,20.2,20,9.2,28.9,49.2,47.9,23.9,2
"170",170,17.8,13.8,17.9,17.2,24.3,37.7,51.8,20.8,2
"171",171,18.9,20,21.2,36,22.8,42.3,40,26.6,2
"172",172,32.1,11,11,38.6,19,41.4,38.9,32.8,2
"173",173,18.8,16.9,15.2,24,26.7,32.8,29.1,33.6,2
"174",174,25,19.1,18.6,28,25,28.2,36.8,28.4,2
"175",175,14.7,5.5,18.2,6.8,32.2,35.4,39.4,25.7,2
"176",176,25.8,24.2,20.1,27.9,28,45.7,58.4,39.1,2
"177",177,20.8,18,13.4,27.8,16.5,31.9,39,36.6,2
"178",178,36.5,12.7,16.9,26.5,27.3,47.3,55.5,22.7,2
"179",179,22,24,19.3,35.7,20.6,29.9,28.7,35.6,2
"180",180,20.8,17.5,18,19.6,29.1,51.7,49.7,18,2
"181",181,31.4,19.9,15.2,8.8,28.9,42.5,42.9,21.5,2
"182",182,22.6,14.4,14.3,14.4,28.3,39.3,47.5,22,2
"183",183,23.7,15.9,16.2,34.5,26,42.4,38.2,30.1,2
"184",184,21.8,15.9,12.7,37.4,30.4,44.5,39.6,39.2,2
"185",185,22,18.1,13.5,18.9,20.8,35.2,46.6,26.1,2
"186",186,26.2,23.5,18.3,33.1,30.5,33.4,39.1,30.2,2
"187",187,25.4,4.6,18,20.8,18.6,30.2,40.1,13.6,2
"188",188,33.6,24.5,16,29,39.6,45.5,44.4,26.2,2
"189",189,25.1,16.6,13.8,27.1,26.3,32.4,34.2,28.5,2
"190",190,23.1,22.1,17.8,31.3,31.2,38.9,44.5,32.5,2
"191",191,23,13.1,13.9,20.9,25.7,54.3,43.6,18,2
"192",192,17.1,14.9,17.4,5.1,26.7,36.3,40.4,26,2
"193",193,25.9,10.4,15,19.2,32.5,33.7,42.9,24.2,2
"194",194,23.9,14.2,18.8,42.7,32.5,40.9,42.6,28.1,2
"195",195,33.8,9.1,22.8,24.2,42.3,34.8,50.6,30,2
"196",196,25,18.7,19.4,45.5,34.7,28.7,33.8,35.1,2
"197",197,15,19.6,14.2,29.6,22.2,44.2,43.9,34,2
"198",198,25.8,25.4,19.6,19,28.3,38.6,35.7,26.1,2
"199",199,36.8,15.5,17.9,36.1,37.5,46.9,50,38.8,2
"200",200,17.7,16.8,16,15.3,18.6,33.1,37.5,34.4,2
"201",201,30.8,14.1,17.4,23.8,23,42.6,47.1,23.7,2
"202",202,19.9,12.4,16.9,7.8,30,37.3,39.4,23,2
"203",203,30.3,12.5,14,31.8,29.1,44.2,42.4,26.6,2
"204",204,35.8,17.5,21.2,31.6,36,32.4,35,29.1,2
"205",205,30.9,21.4,21.1,40.2,38.8,33.8,35,27.6,2
"206",206,29.2,10.5,17.5,30.1,37.2,51.9,31.1,20.7,2
"207",207,41.5,20.2,17.5,34.9,27.2,40,46.5,40.8,2
"208",208,32.6,12,17.5,13.5,30.9,50.1,41,23.2,2
"209",209,27.2,13.9,18.1,20.3,21.7,31.3,41.3,33,2
"210",210,44.8,18.1,18.9,44.3,34.5,34.2,36.3,37.1,2
"211",211,34.4,11.2,16,23.7,32.2,49.5,50.1,17.2,2
"212",212,35,26.9,19.3,50.2,34.7,50.7,47.6,19.9,2
"213",213,19.3,17.3,16.2,10.1,29.7,39.2,47.6,17.7,2
"214",214,32.5,8.2,21,27,31.3,32.2,35.1,33.9,2
"215",215,35.4,24.8,21.1,31.6,38.9,28.6,32,21.9,2
"216",216,36.6,29.1,8.5,13.4,62.3,57.3,44.5,25,2
"217",217,34.4,17.3,12.2,32.9,20.9,49.8,44.8,25.6,2
"218",218,41.5,13.4,22.4,25.3,27.8,27.7,36.2,37.2,2
"219",219,33.2,13.5,21.6,18.2,28.6,51.8,49.6,8.3,2
"220",220,42.3,19.9,13.1,21.8,29.9,27.1,38.8,25.6,2
"221",221,36.7,13.6,16,33.4,33.7,48.6,42.6,18,2
"222",222,30.9,17.2,16.9,29.7,29.7,44.8,43.2,18.8,2
"223",223,37.7,19.5,21.1,33.3,33.5,34.1,35.1,67.4,2
"224",224,27.7,16.5,17.3,29.1,33.9,30.4,33.1,20.2,2
"225",225,39.8,21.2,21.7,14.7,47.5,55.3,50.6,18.7,2
"226",226,40.3,10.8,16.2,17.1,30,31.4,46.2,23.7,2
"227",227,47.5,19.8,15.4,39.5,43.5,49.8,49.8,27,2
"228",228,31.5,18.4,16.1,16,28.5,47.8,38.8,19.3,2
"229",229,18.8,7.1,10.7,28.8,18.4,28.4,33.9,24.9,2
"230",230,9,18,15,10.8,8.3,49.6,48.4,9.6,3
"231",231,7,12.2,8.9,17.4,15.9,32.4,50.3,15.2,3
"232",232,8.7,7.2,11.4,12.7,13.2,32.9,40.5,12.8,3
"233",233,14.8,8.7,9.3,22.1,14.8,36.9,41.1,26.9,3
"234",234,6.4,17,8.9,25.6,19,45.5,39.9,20.4,3
"235",235,7.3,17.4,12.8,6.2,15.2,39.9,58,20.4,3
"236",236,7.7,13.6,13,6.2,15.6,48.2,61.5,11.2,3
"237",237,8.4,11,6.3,71,14.9,23.3,39.2,33.3,3
"238",238,5.3,10.2,8.2,5,15.7,28.3,38.8,14,3
"239",239,5.4,4.9,9.8,15.2,11.5,26.6,40.1,15.3,3
"240",240,8.5,6.9,6.8,23.5,14.9,26.5,44.4,14.7,3
"241",241,9,9.9,12.6,25.1,12.7,27.4,33.9,14.1,3
"242",242,4.6,6.5,11,27.3,12.1,22.3,33.5,15.3,3
"243",243,4.8,7.1,16.7,15.8,15.3,46.8,49.7,16.4,3
"244",244,5.2,6.2,13.6,13.5,16.1,36.4,37.8,14.6,3
"245",245,3.4,3.4,11.8,19.7,9.4,28.7,38.7,15.5,3
"246",246,6.6,10.1,14.9,25.9,13.3,37,43.6,10.7,3
"247",247,11.1,8.3,9.3,15.9,15.6,30.4,32.7,12.3,3
"248",248,6.4,9.5,10.5,9.1,17.9,24.4,42.5,14.9,3
"249",249,8.9,6.8,8.6,16,12.4,21.5,37.6,18.2,3
"250",250,7,5.2,13.5,8.4,11.9,31.1,40,18.3,3
"251",251,5.5,4.4,12.1,33,12.4,26.4,40.8,26.5,3
"252",252,7.8,5,19.6,6.6,8,23.2,41.6,14.5,3
"253",253,8.2,8.3,13.4,19.6,19.2,34.4,43.2,13.6,3
"254",254,10,4.8,11.2,16,12.4,26.7,41,17.2,3
"255",255,8.4,18.6,16.2,7.3,20.3,35.6,58.3,18.4,3
"256",256,9.5,12.4,12,5.9,18,49.1,58,15.5,3
"257",257,5.9,12.2,12.1,76.2,11.8,27.9,33.4,14.2,3
"258",258,6.6,12.5,10.7,8.9,17.3,35.4,38.3,14.8,3
"259",259,5.5,4.6,10.8,21.5,10.7,25.7,38.3,13.1,3
"260",260,3.1,6,8.5,15.5,10.7,28.1,39,12.5,3
"261",261,6.7,7.9,13.4,32.5,13.6,30.6,35.8,17.8,3
"262",262,9.9,7.4,17.2,26,28.5,40.8,50.8,13.5,3
"263",263,11.7,7.3,13,28.2,17.3,23.7,37,11.6,3
"264",264,7.9,7.6,12.6,28.2,14.1,36.6,44.9,15.2,3
"265",265,9.6,3.5,20.4,22.5,19.3,27.2,48.2,9.8,3
"266",266,7.1,7.6,14.7,17.1,11.8,32.3,41.2,13.7,3
"267",267,9.6,4.2,9.5,29.2,12.1,22.7,37,18.7,3
"268",268,5.4,7.8,8.9,9.1,10.6,24.6,37.2,11.3,3
"269",269,6.7,8,9.9,34,21.9,39.4,38.7,19.4,3
"270",270,26.4,14.2,12.8,19.2,21.7,27.9,40.2,14.6,3
"271",271,6.2,9.9,11,37.8,18.6,35.9,46.8,13.1,3
"272",272,10.9,4.2,11.7,13.4,15.6,23.9,31.9,13.3,3
"273",273,8.4,14.8,20.2,11.9,22.6,38.5,57.5,22.9,3
"274",274,11.7,11.9,15.3,7.6,23.2,40.6,55.7,17.3,3
"275",275,6.4,4.6,2.7,70.6,7.8,34.5,40.9,21.8,3
"276",276,9.9,7.6,10.2,7.2,12.7,37.9,39.8,13.4,3
"277",277,7.3,6.2,9.8,18.4,12.3,26.6,37.3,13,3
"278",278,9.6,9.4,12.6,26,20.5,35.7,39.1,18.8,3
"279",279,10.9,6.5,10.1,22.3,17.2,28.7,28,20,3
"280",280,8.9,5.5,11.9,25.9,14.5,26.9,33.5,16.5,3
"281",281,5.2,6.2,10.9,12.3,15,30,44,18.1,3
"282",282,11.7,7.8,9.8,29.2,18.7,36.6,45.9,18.8,3
"283",283,2.9,14.7,3.6,37.8,9.1,23.5,35.9,16.4,3
"284",284,6.5,12.5,9.9,22,12.3,30.8,32.2,13.7,3
"285",285,9.4,5.5,12.1,20.4,28.8,18.2,29.4,17.7,3
"286",286,8,5.9,11.1,3.1,12.2,29.4,31.5,16,3
"287",287,23,11.2,14.4,16.9,22.8,36.7,41.5,15.1,3
"288",288,11.2,12.6,15.8,29.3,26.7,37.5,34.2,27.9,3
"289",289,12.9,10.9,8.7,15.3,19.7,30.2,39,17.6,3
"290",290,13.1,11.7,16.1,6.9,30.9,38.7,48.3,18.5,3
"291",291,8.3,10,9.9,64.9,10.8,31.8,29.8,11.1,3
"292",292,7.9,8.1,12.2,3.1,14.9,27.4,35.2,14.1,3
"293",293,9.7,6.1,9.4,22,16,26.2,32.6,17.2,3
"294",294,7.4,7.1,7.6,15.3,21.5,30.7,29.1,14.7,3
"295",295,9.6,5.3,10.8,24.9,20.4,23.3,37.6,14.7,3
"296",296,12.2,5.6,13.6,26.4,24.5,27.2,28,21.8,3
"297",297,4.7,2.5,8.9,40.9,15.8,24,28.1,23.4,3
"298",298,16.9,2.1,8.3,12.8,21.9,27.5,36.8,21.3,3
"299",299,10.2,6.5,11.1,32.5,19.1,31.1,40.2,16.6,3
"300",300,10.7,5.9,14,31.1,15.7,32.9,42.9,9.8,3
"301",301,7.9,5.9,10.1,6.2,15.9,28.3,34.6,15,3
"302",302,6.1,11.5,10.4,37.5,21,31.2,29.9,11.2,3
"303",303,18.5,10.4,11.7,15,29,34,34.7,22.6,3
"304",304,14.6,12.3,13.5,7.2,36.9,40.6,48.6,16,3
"305",305,15,8.6,10.1,5.1,20,27.8,41.3,17.3,3
"306",306,18.3,8.7,10.2,25,20.5,17.5,20.8,30.9,3
"307",307,15.7,5.2,10.5,15.2,24.8,26.2,44.4,21.8,3
"308",308,17.6,9.8,10.8,28.2,26.1,36.1,38.5,19.8,3
"309",309,11.8,2,15.1,58.5,21.2,29.7,35.2,25.3,3
"310",310,12,6.4,11,26.1,20,32.3,34.7,16.5,3
"311",311,18.5,6.8,6,35.8,26.1,31.5,32.2,14,3
"312",312,10.5,8.3,10.7,19.3,27.8,27.9,34.4,17.2,3
"313",313,17.4,4.1,8.4,10.9,18,20.1,29.1,16.2,3
"314",314,17.2,16.7,18.9,51.8,24.9,38.8,29.4,20.1,3
"315",315,17.9,10,4.3,17.7,28.8,37.8,38.7,30.6,3
"316",316,18.8,10.3,12.8,13.5,34.5,38.2,42.3,13.2,3
"317",317,12.5,12.1,13.5,62.6,20.2,36.1,33.8,15.5,3
"318",318,6.4,6.6,9.7,8.7,20.7,25.6,38.5,11.1,3
"319",319,18.4,12.6,8.5,22.4,27.1,40.4,45.8,23.7,3
"320",320,18,8,5.9,31.7,26.7,38,38.1,20.3,3
"321",321,16.3,7.2,10.9,34.1,23.8,26.9,34.5,26.5,3
"322",322,14.1,6.2,11.2,12.3,39.2,49.8,46.5,11.2,3
"323",323,13.8,5.1,11.8,32.3,24.3,27.4,30.2,17.5,3
"324",324,27.5,12.6,10.6,29,20,35.3,46.6,28.6,3
"325",325,21.4,13,13.1,21.4,30.3,39.7,37.7,18.9,3
"326",326,17.3,5.1,14.9,22.9,21.8,33.7,32.3,18.7,3
"327",327,17.9,2.8,11.6,13.8,23.7,21.7,30.4,25.4,3
"328",328,20.6,11.9,9.3,18.6,26.6,29.1,32.2,30.1,3
"329",329,18.9,12.3,13,8.4,39.9,44.6,53.7,13.8,3
"330",330,21.4,9.8,8,19.3,27.3,28.4,35,12.1,3
"331",331,18.5,7.2,13,24.6,25.6,30.7,33.1,22.1,3
"332",332,13.3,7.9,8.3,24.3,28.2,34,33.7,17.2,3
"333",333,18,26.2,20.9,12.7,21.7,47.3,53.1,19.4,4
"334",334,13.7,25.9,17.6,14.5,19.8,47.7,54.7,22.7,4
"335",335,12.8,17.2,15.3,16.9,23.7,34.9,41.2,19.3,4
"336",336,13.7,15.5,21.8,12.7,22.1,42.8,46.7,11.6,4
"337",337,23.2,25.3,19.9,8.4,20.6,47.6,53.1,21,4
"338",338,14.3,21.3,18.3,7.9,18.1,47.5,52.1,21.5,4
"339",339,18,14.7,15.7,8.7,18.4,36.9,44.5,15.6,4
"340",340,10.3,26.7,21.5,23.1,21.9,39,28.1,27.6,4
"341",341,12.7,4.6,9.9,14.7,17.3,30.7,37.5,19.8,4
"342",342,20.1,23.4,19.7,10.7,24.3,44.3,52.7,24.3,4
"343",343,16.9,18.5,17.6,7.5,22.3,40.1,45.8,25.4,4
"344",344,17.7,10.6,15.1,17.2,26.4,40.1,38.5,25.4,4
"345",345,16.4,6.2,16.7,25.1,28.6,49.2,52.5,37.4,4
"346",346,18.7,20.5,15.7,10.4,26.4,45.8,43.2,26.2,4
"347",347,23.4,13.1,13.5,16,27,32.7,34.1,28.2,4
"348",348,20.2,7.5,22.8,41.6,35.1,43.9,32.7,27.5,4
"349",349,33.6,16.1,12.3,34.9,29.4,17.5,14.4,67.4,4
"350",350,21.3,17.3,16.1,6.8,29.7,44.5,46.7,23.1,4
"351",351,23.8,21.4,19.4,27.8,30.3,30.8,38.2,27.6,4
"352",352,20.5,11.9,14.8,47.3,42.3,41.3,42.9,25.7,4
"353",353,22.2,25.8,17.4,14.3,24.3,41.3,47.1,24.3,4
"354",354,31.4,20.1,12.9,20.6,40.1,32.1,38,28.4,4
"355",355,5.7,16.8,3.2,18.2,33.9,36.6,33.9,29.3,4
"356",356,31.4,23.8,16.4,5.9,24,51.8,51.5,22.1,4
"357",357,34.6,12.1,12.2,27.5,35.8,37.2,34.4,26,4
"358",358,23.4,8.6,18.7,22.8,37.3,49.2,40.8,18.2,4
"359",359,30.8,15.3,22.7,23,26,49.8,38.3,25.4,5
"360",360,18,15.3,15.7,12.1,17.7,41.1,44.5,17.2,5
"361",361,16.1,17.3,20.2,35,20.6,53.2,53.4,21.6,5
"362",362,20.7,23,20.8,13.8,22.4,47.5,38.2,21.1,5
"363",363,18.6,18.2,20.1,26.1,19.5,52.8,44.7,15.7,5
"364",364,17.4,15.9,16.2,16.2,19.7,41.9,51.8,24.7,5
"365",365,18.2,21.2,16.9,27.5,23.9,44.8,41.5,20.1,5
"366",366,12.5,18.2,21.8,13.9,16.6,50.4,42.3,9.7,5
"367",367,14.8,14.6,18.6,17.4,21.6,49.6,42.8,21,5
"368",368,8.5,19,20.8,4.3,18.6,50.3,45.3,24.9,5
"369",369,18.9,21.3,11,13.9,18.4,43.1,60.7,17,5
"370",370,11.2,16.7,18,6.9,18.7,44.9,56.1,19.1,5
"371",371,13,18.5,15.2,24.7,19.4,47,48.6,20.7,5
"372",372,13.4,17.7,20.7,57.1,18.9,50.8,46,15.8,5
"373",373,17.6,26.9,15.5,20.6,21.1,44.6,46.6,17.1,5
"374",374,16.4,20.1,21,19,18.4,44.1,42.5,24.3,5
"375",375,17.6,14.3,17.2,18.1,20.8,47.2,47.7,16.5,5
"376",376,20.4,17.4,21.7,20.9,30.9,53.3,50.9,19.5,5
"377",377,9.4,17,17.4,4.3,26.3,40.6,41.2,22.5,5
"378",378,11.6,16.8,20.4,17,17.9,44,45.6,14.7,5
"379",379,14.2,19,16.2,26.8,26.4,49.4,44.6,17.8,5
"380",380,16.5,20.4,17.9,25.6,19.3,46.2,48.8,20.3,5
"381",381,22.7,28.9,20.5,15.4,30.6,51.7,45.4,23.2,5
"382",382,19.6,16.7,21.4,19.3,21.1,38.4,42.5,26.4,5
"383",383,15.1,14.8,12.4,34.3,24.7,39,43.3,23.5,5
"384",384,16.1,19.2,19.6,29.9,21.3,46.8,39.5,20.9,5
"385",385,15.5,17.6,11.5,22.3,21.4,46.7,45.2,21.8,5
"386",386,13.5,15,17.3,18.7,22.6,48.1,49.9,17.5,5
"387",387,14.2,17,15.5,5.5,16.2,49.2,50.5,21.1,5
"388",388,9.5,15.2,18,27.6,20.9,38.9,40.3,25,5
"389",389,17.6,15.6,16.7,24.8,21.9,46.1,49.2,26.3,5
"390",390,11.3,17.1,18.8,23.8,17.9,56.2,47.4,15.3,5
"391",391,17.4,17.4,20.9,22.5,17,47.4,44.1,14.9,5
"392",392,17.8,21.3,20.9,39.4,26.4,46.2,46.9,20.3,5
"393",393,20.1,25.1,15.1,25,21.5,46.4,42.4,25.2,5
"394",394,17.4,21.9,18.6,29.6,15.9,56.2,47.1,22.4,5
"395",395,14.6,17.9,16.3,29.1,22.9,51,43.9,20.6,5
"396",396,24.7,14.3,16.2,28.2,20.5,64,52.3,15.5,5
"397",397,18,20.6,18.5,19.1,26.6,52.9,43.6,14.4,5
"398",398,15.4,10.6,19.7,14,16.4,50.5,46.1,18.7,5
"399",399,16.1,17.4,16.2,17.7,28.6,34.6,43.5,22.1,5
"400",400,18.8,23.8,19.5,14.8,23.8,51.7,45.6,18.2,5
"401",401,16.8,18.9,19.4,32.7,20.6,56.4,46.9,19,5
"402",402,9.9,11,15.7,13.1,14.5,44.9,49.7,18.2,5
"403",403,12.5,14.6,16,32.4,16,31.7,36.4,22.4,5
"404",404,14.6,20,16.2,22.4,21.6,47.5,47.2,18.2,5
"405",405,29.8,19.1,18.5,22.8,24.2,47.5,53.3,18.7,5
"406",406,13,22.6,15.2,14.1,22,37.4,44.7,17.8,5
"407",407,15.1,15.9,19.2,37,20.4,45.5,43.9,21.2,5
"408",408,25,27.8,23.1,22.4,14.1,40.4,45.6,14.6,5
"409",409,15.1,18.7,17.2,39.2,21.1,51.3,39.4,26,5
"410",410,13.9,15.2,15.2,14,22.6,42.5,44.2,23.6,5
"411",411,13.9,16.7,20.5,12.7,18.6,40.5,38.9,18.2,5
"412",412,15.8,15.1,18.1,21.4,22.6,46.3,42.4,21.1,5
"413",413,14.9,18.1,23.4,33.6,36.2,51.2,45.4,17.7,5
"414",414,16.1,10.6,15,19.4,21.1,48.9,40.9,20.4,5
"415",415,11.1,13.7,18,7.1,22,40.8,47.7,21.3,5
"416",416,12.5,15.7,20.3,31.4,21.3,41.5,41.7,21.5,5
"417",417,16,18,19.9,61.5,18.5,45.5,39.3,19.3,5
"418",418,19.6,19.7,18.2,12.9,16.4,49.5,38,23.7,5
"419",419,13.1,15.9,22.4,23.9,17.8,45.3,38.5,19.1,5
"420",420,21.1,17.3,19.9,19.1,27.1,50.6,52.9,15.8,5
"421",421,23.6,19.5,20.9,15.1,30.4,44.8,55.9,10.2,5
"422",422,24.7,19.5,12.1,6.2,22.4,41,40.4,18.9,5
"423",423,13.3,14.8,18.1,17.3,20.2,47.3,46.5,13.5,5
"424",424,12.5,17.5,20,17.9,26.5,49.3,46.5,20.1,5
"425",425,16,26.5,17.5,22.6,21.7,42,36.5,24.6,5
"426",426,23.2,24.1,17,27.7,22.4,46,44.2,25.2,5
"427",427,16.2,14.6,12.7,32.9,21.9,39.9,41,23.4,5
"428",428,17,18.2,19.5,37.4,20.7,43.9,37.6,25.8,5
"429",429,20.1,19,23.1,25.7,16.3,43.2,39.1,18.9,5
"430",430,16.1,15.6,16.2,31.7,18.5,38.7,40.7,23.7,5
"431",431,18.1,17.6,18.3,24.5,34.3,47.4,38.2,23.4,5
"432",432,20.7,17.2,16.5,25.7,21.8,42.4,46,28.9,5
"433",433,18.1,16.7,20.3,25.5,23.8,48.4,46.4,18.3,5
"434",434,20.7,16.1,21.6,21,22.2,44.5,41.3,16.2,5
"435",435,14.7,14.5,18,33.7,22.7,40.7,30.9,25.9,5
"436",436,23.4,21.1,23.4,29.7,24.4,53.3,47.6,23.7,5
"437",437,19.4,18.6,18.6,19.7,23.5,49.4,47.6,22.4,5
"438",438,26.2,11.7,13.5,0.1,25.5,62.6,53.2,15.6,5
"439",439,10.7,21.2,18.5,20.4,24.9,54.9,43.5,16.3,5
"440",440,12,14.9,22.2,15.2,12.5,51.2,39.3,17.6,5
"441",441,23.2,22,18,28.6,22.5,47,42.5,23.3,5
"442",442,18.2,20.5,20.7,28.2,20.8,52.2,45.9,20.5,5
"443",443,14.7,14.2,19.3,16,20.3,41.6,46.9,17,5
"444",444,17,16.7,13.1,32.4,17.3,32.4,37.7,27.5,5
"445",445,18.8,14.5,16.7,12.9,20.1,39.1,40.2,13.9,5
"446",446,16.7,22.8,15.1,36.3,16.4,43.6,43.4,20.2,5
"447",447,14.1,16.6,21.8,9.7,19.8,33.9,34.6,19.8,5
"448",448,21.8,11.5,16.8,23.2,29.7,45.8,40.2,24.9,5
"449",449,26.3,19.3,17.3,24.8,27.7,46.2,43.1,22.6,5
"450",450,16.3,18.6,19.9,36.2,27,42.3,34.1,25,5
"451",451,13.4,15.7,16.1,14.7,23.4,45,42,19.3,5
"452",452,22.8,16.3,16.3,14,30.1,43,36.6,20.2,5
"453",453,19,17,20.3,2.2,26.8,53.9,46,13.4,5
"454",454,18.7,12.4,15.9,19.5,27.1,46,36.7,22.8,5
"455",455,14,14.4,17.5,5.5,22.9,43.4,47.2,18.5,5
"456",456,15.3,14.7,20.8,34,27.1,43.4,37.6,26.7,5
"457",457,17.9,15.5,21.9,55.9,28.2,53.2,43.1,20,5
"458",458,14.8,20.7,18,26.2,20.7,49.2,40.6,19.4,5
"459",459,24.1,19,11.8,23.1,32.7,49.1,52.1,27.7,5
"460",460,16.1,14.5,16.4,8.6,27.7,37.6,36.1,19.6,5
"461",461,16.3,13.9,19.5,16.4,27.3,44.4,42.3,15.4,5
"462",462,16.9,15,19.9,22.8,42.8,50.8,36.5,17.4,5
"463",463,18.4,13.7,22.2,25.6,19.9,41.3,34,22.3,5
"464",464,23.5,22.6,24.8,28.7,27.6,37.8,42.7,31.7,5
"465",465,15,10.5,20.5,18.9,21.8,46.4,39,23,5
"466",466,25.2,16.3,14.8,29.8,27.3,38,42.4,25.6,5
"467",467,21.7,16.4,18.4,37.7,28.2,43.5,35.9,24.6,5
"468",468,20,14.4,21.5,26.5,30.8,42,40.3,20.7,5
"469",469,12.7,15.8,18.7,33.8,24.7,42.4,39.1,26.8,5
"470",470,20.3,16.3,13.9,24.8,26.2,37,35.3,21.4,5
"471",471,20.2,15.8,17.3,26.3,25.8,42.8,46.1,29.9,5
"472",472,15.5,14.9,16.4,22.6,26.9,51.4,45.8,18.4,5
"473",473,17.1,14.9,17,21.4,25.1,38.7,37.5,18.6,5
"474",474,20.2,16.2,22.7,40.2,21.2,37.7,41.7,30.5,5
"475",475,25.9,22.8,17.6,39.6,26.6,45.1,38.4,30.9,5
"476",476,20.3,16,18.1,24.6,34.3,51.2,41.4,22.6,5
"477",477,29.8,11,14.1,63.6,29.4,58.6,41.9,18.3,5
"478",478,15.7,19,19.6,20.7,29.2,50.7,43.6,13.8,5
"479",479,18.1,23.2,18.4,13.6,25.3,53,41.9,16.7,5
"480",480,19.3,17.3,20.8,28.4,25.3,51.2,41.6,19.6,5
"481",481,24.9,16.2,14.6,27.4,21,29.6,32.3,24.5,5
"482",482,14.1,14.9,21,15.9,25.8,46.8,40.5,17.3,5
"483",483,19.4,15,17.9,28.5,28.5,40.1,39.4,24.9,5
"484",484,36.2,18.1,13.8,26.2,29,47.5,43.7,17.8,5
"485",485,12.3,14.8,13.4,17.2,28.4,38.2,40.7,18.2,5
"486",486,20.3,14.6,14.2,23.2,32,39.7,45.5,23.4,5
"487",487,25.3,12.1,28.2,16.3,29,53.8,40.7,16.5,5
"488",488,16.3,18.9,16.1,3.1,31.2,45.6,39.7,18.2,5
"489",489,20.9,17.5,18.6,12.1,42.8,45.2,33.2,22.7,5
"490",490,20.6,11.7,16,20.3,30.8,48.1,37.7,21.3,5
"491",491,28.4,16.7,20.7,37,32.4,45.7,31.8,23.2,5
"492",492,15.4,11.8,14.3,7.9,28.8,45.9,44.3,20.4,5
"493",493,22.1,19.5,16.7,30.1,29.4,46.3,39.3,26.7,5
"494",494,19.9,15.1,18.8,59.7,30,48.1,38.6,19.3,5
"495",495,18.6,18.9,20.7,24.8,29.3,41.7,41,25.9,5
"496",496,19.6,18.8,17,16,21.6,45.6,26.8,19.7,5
"497",497,6.7,13.2,17.9,8.8,27.5,42.3,35.6,19.3,5
"498",498,17.7,12.7,18.7,17.4,32.1,39.5,37.5,18.2,5
"499",499,19.1,15.6,14.6,15.9,33,46.9,37,19.1,5
"500",500,20,17.1,12.8,24.5,36.2,43.1,36.3,26.9,5
"501",501,17.6,18.3,15.2,25.6,30.5,47,51.3,19,5
"502",502,22.9,11.8,14.5,35.1,27.4,40.2,39.8,29.3,5
"503",503,22.6,15.2,18.3,37.7,37.8,43.1,35,25.5,5
"504",504,19,21.2,16.5,31.2,30.9,43.6,42.7,21.7,5
"505",505,18,13.4,19.1,25.6,32.2,46.2,40.7,21,5
"506",506,12.4,15.2,14.7,19.9,17.3,35.7,45.8,25.6,5
"507",507,19.4,14.6,17.4,47.1,38.1,43.4,41.6,26.3,5
"508",508,21,12.8,16.5,23.3,27.8,43,44.7,30.6,5
"509",509,22.7,16.3,16,29.3,34.3,51,42,17,5
"510",510,16,13.6,15.3,23.8,35.2,47.6,41.2,21.7,5
"511",511,25,23.9,16.6,21.6,27.4,38.7,35,17.1,5
"512",512,23.6,11.8,12.4,29.6,40.6,43.5,39.4,30,5
"513",513,20.8,16.6,21.2,29,36.9,48.8,41.1,17,5
"514",514,25.1,17.1,16.3,15.2,35.9,49.2,38.5,19.7,5
"515",515,37.3,23.6,16.5,15.9,37,41.5,35.6,20,5
"516",516,23.7,19,17.2,36,35.2,51.4,39.5,26.4,5
"517",517,13.1,10.7,19.3,19.3,25.1,43.7,36.4,16.4,5
"518",518,15.1,16.6,16.6,20.3,29.6,40.3,39,26.8,5
"519",519,18,10.8,20.7,11.3,28.6,42.1,35.2,15.8,5
"520",520,22.7,10.5,14.2,37.6,29.4,34.2,36.8,22.9,5
"521",521,25,11.8,16.1,26.2,26.5,35.1,37.6,25.7,5
"522",522,18,13.2,20.6,17.7,32.1,36.9,32,18.5,5
"523",523,24,14.9,17.1,30.7,33.2,56.9,56,24.2,5
"524",524,23.8,8.6,21.3,17,22.7,41.5,42.2,26.3,5
"525",525,25.9,15.3,17,29.7,28.5,41.3,47.4,25.5,5
"526",526,18.7,15.2,16,26.4,32.4,48,35.4,19,5
"527",527,27.3,13.2,19.1,25.8,41.4,50.7,44.7,21.2,5
"528",528,19.8,20.3,22.4,12.3,37.4,48.3,37.6,10.2,5
"529",529,25.6,11.4,14.3,21.2,39.8,46,35.3,13.5,5
"530",530,22.2,16.5,15.2,23.8,29.5,43.7,43.2,22.7,5
"531",531,18.6,15.8,12.8,6.5,34.6,43.9,46.2,19.8,5
"532",532,21.4,16.3,20.1,26.6,31.8,43.9,33.8,28.3,5
"533",533,22.7,15.1,19.2,66.3,34.8,51.7,37.1,19.8,5
"534",534,19.6,18.3,16.4,19.6,35.5,48.1,31.3,25,5
"535",535,30.3,27.3,20.1,32.8,40.1,50.5,37.1,32.2,5
"536",536,22.4,12.5,17,29.6,32.6,41.6,40.9,28.5,5
"537",537,33.8,17.6,14.8,20.2,39.1,42.6,39.9,20.6,5
"538",538,20.2,13.6,15.3,8.8,32.3,43.9,39.7,21.8,5
"539",539,20.9,13.2,15.3,18.9,42.3,47,38.6,19.1,5
"540",540,17.2,12.2,15.7,21.2,39.2,46.1,47.2,14.7,5
"541",541,24,17.2,16.2,25.5,30.1,41.2,43.2,27,5
"542",542,22,10.8,17.3,35.2,24.4,38.1,39.9,32,5
"543",543,27,14.1,17.4,30,37.8,43.6,35.3,26.5,5
"544",544,26.4,15.9,17.6,34.7,31,43.7,40.9,23.3,5
"545",545,20.6,13.7,17,60.4,39.4,44.3,37.8,27.1,5
"546",546,28.2,12.8,15.1,27.1,32.7,42.2,42.9,24.1,5
"547",547,25.6,14.1,18,29.5,38.6,44.9,36.6,24.8,5
"548",548,27.8,16.5,15.9,21.9,36.1,38.7,39.1,23,5
"549",549,29.7,19.6,19.1,37.9,39.2,47,30.2,27.1,5
"550",550,22,15.3,20.7,37.5,37.5,44.1,37.9,18.7,5
"551",551,33.7,23.4,13.1,21.2,41,41.3,40.8,26.1,5
"552",552,29.5,19.2,18.4,34.5,40.9,52.6,40,22.8,5
"553",553,17.4,12.7,17.2,18.8,31.6,38.4,31.1,18.9,5
"554",554,26.4,12.5,14.3,16.5,23,31.2,30.9,25.4,5
"555",555,24.5,13,21.8,11,38.4,47,40,18.5,5
"556",556,27.2,11.4,15.3,36.2,30.5,43.8,32.7,23.5,5
"557",557,26.6,14.8,18.1,22.7,29.5,41.2,42.6,24.6,5
"558",558,17.5,12.6,17.9,18.9,32.1,45.2,39.5,19.5,5
"559",559,26.5,15.1,16.2,30.5,39.7,51,36.6,21.6,5
"560",560,25.2,19.4,19.9,25.1,37.1,39.2,39.3,25,5
"561",561,29.1,11.4,13.9,17.2,34.9,43.8,38.4,21.1,5
"562",562,17.1,16.8,16.1,19.9,39.2,51.9,36.8,19.4,5
"563",563,25.9,16.1,19.4,25.5,38.5,45.1,44.4,18.1,5
"564",564,27.8,11.5,14.9,21.7,44.2,47.4,37.5,21.2,5
"565",565,20,11,15.8,25.2,39.8,46.1,31.5,13.4,5
"566",566,20.1,11.9,13.6,10,26.6,45.5,43,17,5
"567",567,21.6,13.5,15.8,27.7,36.8,43.5,34.8,25.2,5
"568",568,25.9,12.8,20.3,62.9,36.1,50.9,40,19.8,5
"569",569,16.6,19,17.9,30.1,30.8,45.8,39.5,24.6,5
"570",570,28.3,16.4,13.9,25.4,36.9,43.9,34.9,20.5,5
"571",571,24.2,18.9,13.2,7.1,33.6,41.6,42.4,17.9,5
"572",572,17.7,23.9,16.7,16,42.4,48.2,33.3,22.6,5
"573",573,23.1,15,18.8,20.1,42.3,52,46.5,24.2,5
"574",574,33.1,10.8,15.6,31.5,32.9,38.8,37.8,23.6,5
"575",575,39.4,10.2,15.6,30.9,27.3,35.3,36,18.1,5
"576",576,28.1,14.9,19.3,40.5,41.9,45.9,35.6,25.3,5
"577",577,21.4,13.5,14.7,20.8,40.3,52.3,44,20.4,5
"578",578,21.3,17.3,15.4,18.9,41.9,45.8,36,23.2,5
"579",579,29.8,13.4,15.8,26.6,33.6,43.6,44.1,23,5
"580",580,29.8,13.3,18.3,22.6,41.4,41,38.5,19.6,5
"581",581,24.7,12.6,15,29.3,37.3,46.7,32.1,20.8,5
"582",582,27.9,14.5,22.3,31,37.1,48.5,41.9,23.8,5
"583",583,30.9,16.3,20,17.9,37.6,52.2,40.8,24.5,5
"584",584,26.4,15.5,21.3,24.9,43.3,48.1,38.9,19,5
"585",585,27.8,9,16.7,20.8,30.7,46.1,46.4,23.1,5
"586",586,40.4,15.5,15.6,25.2,39.8,37.7,37.4,21.1,5
"587",587,33.9,16,17.2,32.5,41.2,49,39.9,22.4,5
"588",588,12,11,13.8,23.1,32.9,45.2,38.2,21.1,5
"589",589,40.1,16.8,12.1,21.2,24.4,32.2,34.3,29.4,5
"590",590,23.3,8.8,17.7,34.3,25.7,41.6,30.6,20.7,5
"591",591,31.8,13.9,12.9,26.6,34,39,42.5,20.6,5
"592",592,21.4,12,15.8,21.1,31,37.4,42.2,20.1,5
"593",593,28,16.5,18.8,27.6,35.7,51.4,46.8,20.1,5
"594",594,31.7,14.3,12.1,29.6,41.6,54.7,50.5,19.7,5
"595",595,29.2,17.4,19.4,74.6,39.5,53.4,41.1,18.5,5
"596",596,33.4,16.3,24.4,28.9,44.1,48.4,42.8,23,5
"597",597,29.6,20.3,19.3,10.4,37.6,56.8,46.7,7.4,5
"598",598,27.5,13.1,18.9,18.5,44.1,44.6,39.1,27.9,5
"599",599,26.3,14.8,22.8,38.3,36.5,38.5,34.4,21.4,5
"600",600,18.2,11.9,17.6,6.6,33,39.8,51.8,23.7,5
"601",601,26.9,17.4,14.2,33.8,31.5,41.7,42.2,16.5,5
"602",602,33,14.4,19.5,44.9,39,49.8,37,14,5
"603",603,34.4,18,22.4,24.5,29.1,38.9,36.2,21.6,5
"604",604,31.9,17.8,18.9,31,37.1,39.2,38.7,22.1,5
"605",605,37.7,15.5,13.8,15.1,32.5,40,41.6,19.8,5
"606",606,28,14.4,21.2,17.6,43.3,45.4,37.5,17.7,5
"607",607,27.2,14.2,15.9,27.6,39.6,47.2,41.9,19.8,5
"608",608,30.4,11,16.6,29.4,28.9,41,44.7,17,5
"609",609,33.4,16.3,17.8,36,43,45.8,38.1,19.8,5
"610",610,24.5,16.8,18.3,15.1,38.7,45.2,39.9,17.9,5
"611",611,29.8,11.8,14.4,32.4,30.8,42.7,46.7,21.2,5
"612",612,29.2,12.8,16.9,24.6,47.6,45.8,38.5,18.6,5
"613",613,30.1,16.5,19.7,18.9,39.3,47.5,43.9,16.8,5
"614",614,29.2,13.8,15.4,28.8,33.9,43.2,44,30.9,5
"615",615,35.8,17.5,14.2,30.8,35.3,46.3,45,24.3,5
"616",616,30.2,13.6,16.8,25,39.2,46.9,45.7,19.6,5
"617",617,43.5,15.3,20.2,35.1,44.5,35.3,39.8,20.1,5
"618",618,36.7,18.4,16.5,34.1,42.5,52.7,42.7,21.5,5
"619",619,14.5,20.9,13.7,33.6,28.5,41.1,46,26.1,5
"620",620,36,14.9,14.3,20,28.2,30.1,34.8,32.2,5
"621",621,25.3,16.9,18.9,20.6,31.9,47.8,49.9,25.5,5
"622",622,32.6,14.1,10.1,26.7,32.2,39.2,39.3,24.5,5
"623",623,18.2,22.8,23.5,20.8,28.9,58.1,38.7,16.3,6
"624",624,10.4,15.2,16.1,7.5,28.9,46.9,39.8,14.6,6
"625",625,12.4,25,19.1,20.7,30.6,63.7,46.4,21.8,6
"626",626,14.8,18.4,19.7,27.7,30.6,57.5,40.4,22,6
"627",627,16.7,18.4,17.6,25.1,28.8,49.3,44.4,15.6,6
"628",628,15.8,14.7,17,22.2,27.6,57.3,46.6,21,6
"629",629,14.3,18.2,19.6,22.6,27.7,52.5,50.2,18.8,6
"630",630,12.7,21.4,16.4,49.1,27.9,55.2,44.9,20.9,6
"631",631,19.6,22.5,13.6,19.9,29.3,58.6,51.3,20.4,6
"632",632,17.8,19,19.8,22.4,29.4,64.8,50.5,18.8,6
"633",633,14,13,16.2,9.3,28.3,43.2,41.1,15.5,6
"634",634,13.6,16.4,18,12,27.8,54.3,49.7,17.2,6
"635",635,14.6,19.8,19.9,19.7,16.3,55.1,51,13.5,6
"636",636,15.8,20.1,20,21.9,30.1,56.4,45.2,19,6
"637",637,22.5,25.5,18.7,22.9,34.3,61.4,44.1,19.4,6
"638",638,16.4,22.8,13.5,76.2,18.5,48.4,49.5,18.5,6
"639",639,16.9,21.1,16.4,23.8,31.6,54.8,47.8,21.1,6
"640",640,15,15.9,17.5,37.5,27,45.3,39.3,28,6
"641",641,16.5,19.9,19.2,22.4,27.3,48.4,42.9,16.2,6
"642",642,25,12.9,14.6,25.9,22.7,45.3,50.3,32.2,6
"643",643,13,14.6,18.3,26.9,22.9,45.2,50.9,17,6
"644",644,14.9,21,15.4,29.1,26.9,55.7,47.5,16.3,6
"645",645,11.1,21.5,17,29.2,25.1,58.1,50.5,20.5,6
"646",646,14.5,9.3,17.5,40.2,41.6,55.3,51.5,29.3,6
"647",647,8.6,15.1,24.8,27.6,33.7,64.2,52.1,20.7,6
"648",648,17.7,10.6,19.6,25.9,45.2,49.8,40.3,20.6,6
"649",649,17.4,22,17.1,12.8,27,57.6,46.9,15.3,6
"650",650,22.3,23.6,19.4,18.9,29.6,57.3,47.9,22,6
"651",651,18.7,17.8,19.8,37.8,30.4,50.9,48.4,21.6,6
"652",652,10.9,14.5,19.5,4.3,21.8,37.8,39.2,23.1,6
"653",653,17,19.3,18,22.1,25.9,44.8,45.8,20.9,6
"654",654,10.4,15.7,19.6,18.3,28.1,44.4,42.8,20.6,6
"655",655,26.5,21.2,22.7,26.6,34.3,63.5,49.1,19.8,6
"656",656,13.2,17.5,12.2,28.9,26.4,50,48.8,30.9,6
"657",657,10.5,17.8,19.4,11.6,24.6,52,41.3,18.1,6
"658",658,16.9,18,19.4,29,32.2,50.7,42.4,22.4,6
"659",659,18.4,18.3,17.8,12.7,30.8,51.6,50.3,12.7,6
"660",660,18.1,13.9,17.7,23.4,32.1,55,38.9,20,6
"661",661,15,19.6,16.1,57.3,31.3,58.9,42.1,17.8,6
"662",662,19.7,23.8,9.6,24.2,21.2,55.4,39.9,23.2,6
"663",663,6.6,11.7,12.3,22.7,15.5,48,34.9,20.1,6
"664",664,21.4,26.2,20.3,16.5,29.9,54.3,49.9,16.3,6
"665",665,29.5,17.7,18.8,30.2,35.4,60.1,46.2,17.1,6
"666",666,23.2,16.1,16.5,14.8,31.3,44.3,42.1,14.5,6
"667",667,15,16.3,17.5,12,29.9,53.7,50.8,16.1,6
"668",668,10.5,12.9,17.2,14.7,16.4,51.5,39.5,19.7,6
"669",669,21.7,24.6,16,23.8,26.5,54.2,36.5,20.4,6
"670",670,21.7,17.6,17.6,25.4,29.9,53.7,44.4,24.5,6
"671",671,21.5,18.2,17.8,28.5,35.2,50.6,39.3,24.5,6
"672",672,19.6,19.5,15.9,27.8,32,41.6,34.9,31.4,6
"673",673,18.3,16.2,18.3,22.6,28.2,43.6,46.2,17,6
"674",674,20.3,17.2,16.8,22.3,37,51,42.1,19.3,6
"675",675,25.6,16.2,16,22.3,32.8,50.7,41.6,22.4,6
"676",676,14.8,18.1,14.9,26.4,27.2,50.6,36.9,19.5,6
"677",677,24.3,21.3,19.4,20.8,35.2,58.7,44.5,16.5,6
"678",678,19,20.7,18,28.4,33.1,56.2,46.4,20.2,6
"679",679,14.9,23.3,15.5,28,32.4,44.5,47.2,28.2,6
"680",680,14.9,14.7,16.8,35.5,26.6,36.1,34.7,33.3,6
"681",681,15.9,16.9,19.5,12,27,51.4,41.6,22.6,6
"682",682,14.4,17,19.4,40.9,29.7,55.6,45.2,18.4,6
"683",683,28.5,19.6,19.7,25.8,45.6,52.2,43.4,20.9,6
"684",684,29.9,13,21.3,29.9,45.9,48.8,35.6,27.5,6
"685",685,13.4,12.5,22.6,16.2,33.5,54.1,48.6,24.3,6
"686",686,21.2,19.6,17.5,11.5,41.8,48.4,40.3,23.6,6
"687",687,20.6,15.7,18.4,17.4,36.5,51.1,49.3,15.8,6
"688",688,23.2,15.9,14.9,23,40.5,51.9,38.6,19.9,6
"689",689,20.5,13.5,17,44.6,38.2,57.1,44.8,24.6,6
"690",690,20.4,12.7,21.9,20.3,38.2,50.7,42.4,14.9,6
"691",691,28.6,17.7,22.9,21.7,32.6,54.5,38.6,18.8,6
"692",692,11.9,15.7,14.1,17,25.7,40.2,37.5,21.2,6
"693",693,17.9,14.4,16.7,12.2,37.1,50.9,47.6,18.1,6
"694",694,13.7,15.5,18.9,17.4,28.5,49.6,45.5,16.6,6
"695",695,22.2,17.1,20,22.6,36.8,54,48.1,18,6
"696",696,26.3,24.1,19.1,22.4,44.2,52.8,43.6,19.8,6
"697",697,22.5,17.2,17.7,16,32.3,52,43.6,19.5,6
"698",698,22.7,16.8,17.2,35.8,39.2,47.5,37.8,24.2,6
"699",699,16.6,9.3,16.7,75.3,31,49.8,36.2,23.9,6
"700",700,20.8,14.8,11.4,22,33.3,47.2,44.4,30.1,6
"701",701,16.2,13.5,19.2,33.8,33.3,51.9,47.5,22.4,6
"702",702,26.7,25.6,12,32,48.4,52.3,44,22.7,6
"703",703,25,21.7,16.7,23.1,41.6,52.3,43.9,27,6
"704",704,19.9,15.2,10.4,12.4,34,48.3,43.7,20.1,6
"705",705,23.2,18.7,23,28.3,39.9,63.1,50,18,6
"706",706,26.1,20.9,17.4,24.1,38.3,52.7,43.6,24.2,6
"707",707,18.6,13.1,18.8,22.5,30.8,35.1,31.9,30.3,6
"708",708,18.3,15.1,18.8,14.5,38.3,50.8,41.3,21,6
"709",709,32.1,19.6,13.9,38.9,46.5,50.5,41.8,21.9,6
"710",710,26.2,20.2,20.5,19.2,51.6,49.6,42.4,21.6,6
"711",711,18.1,18.1,15.5,33.8,38.9,47,38,22.2,6
"712",712,23.4,16.1,20.6,15.3,45.9,44,35.6,21,6
"713",713,20.4,13.5,17.6,28.1,43.8,52.8,41.6,23.6,6
"714",714,21.1,14.5,20,29.3,43.8,51.2,44.3,22.6,6
"715",715,24.5,15.7,14,51,42.1,51.5,39.1,23.3,6
"716",716,25.3,19.1,13.3,19.3,38,44.7,43.2,15.3,6
"717",717,27.5,16.2,18.9,32.7,43.3,60.7,52.6,13,6
"718",718,15.2,11.7,14.9,7,31,43.8,34.7,25.7,6
"719",719,18.9,13.5,17.7,15.4,43.6,48.6,44.3,18.2,6
"720",720,17.9,13.7,17.5,13.4,37.3,44.1,41.8,20.8,6
"721",721,18.6,18.5,18.3,22.3,40.9,49.8,46.3,20.1,6
"722",722,40.6,16.6,14.8,28,48.4,45.7,46.3,22,6
"723",723,21.7,16.2,18.8,20.6,43.8,54.3,40.6,24,6
"724",724,30.2,15.7,19.1,26.6,53.7,48.1,36.5,26.3,6
"725",725,20.7,17.4,15.6,34.7,41.3,60.7,45.2,32.8,6
"726",726,13.7,9.3,17.5,48.1,41.2,45.5,33.9,24.5,6
"727",727,22.1,12.3,16.4,26.8,38.5,34.6,44.4,20.7,6
"728",728,30.3,19.1,19.7,16.3,48.3,48.5,41,24.6,6
"729",729,22,18,19.4,21.7,41.8,45.5,35.6,27,6
"730",730,27.5,20.1,21.7,42.2,60.6,45.8,44.1,43.6,6
"731",731,19.3,15.8,18.4,21.1,36.8,44.5,34.3,23.6,6
"732",732,28.3,16.2,19.8,25.3,47.2,53,44,21.8,6
"733",733,27.8,19.7,14.3,27.9,47,53,40.4,26.3,6
"734",734,22.6,14.6,16.8,39.7,49.1,56.9,44.9,32.5,6
"735",735,25.4,16,18.1,21.7,39.4,46.3,41.1,31.3,6
"736",736,24.2,17.6,16.4,14.5,45.4,48.7,40.6,22.9,6
"737",737,23.5,19.9,12.1,35,37.2,42.4,36,15.1,6
"738",738,40.8,19.6,16.5,30.2,57.1,52,36.5,22.6,6
"739",739,32.1,11.7,15.4,32.1,43.4,51.6,43.6,36.4,6
"740",740,31.5,19.4,21.8,25.8,51.3,54,40.6,24.1,6
"741",741,24.1,24,19.9,32.5,46,50,42.9,16.7,6
"742",742,27.6,14.7,18.9,26.7,50.3,55.3,46.3,24,6
"743",743,29.2,16.8,19.3,14.1,46,50.2,42.1,17.2,6
"744",744,27.1,15.7,17.2,22.5,54.6,51.6,37.6,24.2,6
"745",745,26.5,17.6,17.2,32.9,52.5,50.3,39.6,23.5,6
"746",746,28.9,15.8,18.6,60.3,54.2,53.7,42.4,20.3,6
"747",747,23.1,21.5,15.7,22.4,45.2,45.8,39.2,16.4,6
"748",748,23.5,18.1,14.1,28.2,31.2,36.5,29,29.8,6
"749",749,24.3,19.5,14.8,18.8,46.1,45.4,47.1,18,6
"750",750,39.7,18.9,24.6,42.1,58.2,57.5,45.5,21.6,6
"751",751,19.3,13.2,13.6,7.5,27.3,38,36.7,18.9,6
"752",752,25.4,15.6,19.7,13.9,47.9,49.6,45.4,17,6
"753",753,25.1,13.7,15.7,14,45.2,41.6,40.8,23.1,6
"754",754,24,13.7,23.5,21.7,45.5,42.5,42,19.9,6
"755",755,42,18.2,19.9,29.9,54.4,47.6,34.3,21.8,6
"756",756,28,18.2,16.2,27.6,54.6,45.7,36.4,26,6
"757",757,28.5,14.2,16.6,33.1,39,46.1,34.1,29,6
"758",758,20.1,17.2,18.7,50.2,53.4,41.4,37,25.4,6
"759",759,27.5,12.4,17.4,35.5,45.3,53.9,42.7,23.4,6
"760",760,27.2,17.1,19.9,29.3,49.9,50.9,44.2,20.4,6
"761",761,23.1,15.5,17.7,24,52.1,48.4,38.5,26.7,6
"762",762,21.2,10.6,11.7,40.5,42.7,48.9,44.1,24.1,6
"763",763,29.9,17.6,23.4,24.3,56.1,52.7,43.9,19.6,6
"764",764,39.6,18,18.6,17.8,58.3,46.7,41.9,26.7,6
"765",765,23.2,16.4,17.8,36.1,52.6,53.7,38.9,31.4,6
"766",766,26.4,10.8,15.8,21,34.1,36.8,25.6,29.2,6
"767",767,24.1,16.8,23.9,20.5,49.3,57.6,38.2,24.3,6
"768",768,27.5,13,22.9,28.6,45.3,48.9,33.9,19.1,6
"769",769,33.1,15.6,22.3,29.3,52.4,49.4,44.1,14.9,6
"770",770,26.6,23.1,20.6,25.8,52.5,51,41.3,31.8,6
"771",771,24.9,15.6,13.5,14.9,54.6,54.8,44.5,13.8,6
"772",772,26.2,12.4,16.6,62.9,54.1,53.2,36.5,20,6
"773",773,32.4,16.4,18.3,23.5,55.6,54.3,46.6,21.2,6
"774",774,27.5,12.9,15.9,26.2,55.5,54.7,39.9,16.7,6
"775",775,29.1,13.1,17.7,28.2,52.5,47.7,40.7,23.6,6
"776",776,34.3,18.3,20,59.2,58.1,54.9,46.8,20.9,6
"777",777,19.8,16.6,21,19,45.1,56.3,40,20.8,6
"778",778,32.1,8.8,14.3,23.3,48.6,47.7,42.7,26.7,6
"779",779,24.9,21.9,16.6,16.5,45.1,48.4,40.3,9.7,6
"780",780,32.1,12.6,22.2,34,54.7,58.9,48.2,10.2,6
"781",781,31.5,17.2,14.5,8.3,28,42.5,40.5,21.5,6
"782",782,20.5,15.1,16.5,15,54.7,48.4,40.9,19.5,6
"783",783,24.4,18.1,21.3,9.3,51.6,54,41.6,18,6
"784",784,31.9,18.2,17.3,31.2,47.7,47.9,44.9,22.5,6
"785",785,39.6,20.2,18.6,28.7,61.2,51.2,37,19.3,6
"786",786,32.4,15.5,20.6,30.1,58,51,41.4,24.8,6
"787",787,33.7,15,20.9,37,55.5,48.8,39.2,30.1,6
"788",788,22.3,11.2,15.2,26.6,55.7,48.3,46.9,31.7,6
"789",789,22.6,11.1,17.1,27.6,54.4,48.8,42.4,18,6
"790",790,30.6,12.8,20.6,26.6,53.7,54.8,42,20.5,6
"791",791,29.4,18.5,19.3,10,54.6,49.1,46.1,19.7,6
"792",792,34.9,13.4,17.1,34.3,51.7,57.1,52.8,29.8,6
"793",793,29.8,14.7,14.4,27.9,54.4,46.3,46.3,27,6
"794",794,22.7,11,20.3,30.4,48.7,53.5,47.6,23.6,6
"795",795,29.2,22.1,17.5,13.1,57.4,58.2,45.8,14.7,6
"796",796,41.2,19.9,16.7,30.3,63.4,53.3,43.9,22.7,6
"797",797,32.9,16.5,21.8,36.2,56.6,52,40.6,30.6,6
"798",798,33.4,9.2,19.1,11.7,56.1,35.5,26.4,30.2,6
"799",799,27.5,13,14,33.9,45.5,48.7,34.8,22,6
"800",800,23.7,11.9,24.9,29.7,47.4,57.5,48.8,24.4,6
"801",801,33.3,14.1,15.3,23.8,55.5,55.6,52,23.7,6
"802",802,25.4,20.7,11.5,7.5,56.8,45,40.8,20.2,6
"803",803,30.4,16.2,20.6,31.3,60,63.1,45.4,21.9,6
"804",804,30,17,17.9,17.8,55.7,51.6,46.3,19.3,6
"805",805,31.7,12.9,17.6,26,62.6,52.1,42.4,17.8,6
"806",806,29.5,15.8,20.8,31.9,64.2,52.7,41.6,22.6,6
"807",807,29.9,15,18.9,44.4,60.3,56.8,44.4,23.7,6
"808",808,36.9,16,18.7,31.5,58.5,48.8,36.7,26.3,6
"809",809,37.9,15.9,21.6,27.5,55.8,47.9,40.6,25.5,6
"810",810,29.1,17,23.1,17.7,44.9,53.7,48.8,16.7,6
"811",811,32.8,19,21.5,45.1,53.1,65.8,49.3,22.4,6
"812",812,39.6,17.4,19.5,13.8,58.9,51.4,46.1,21.9,6
"813",813,26.8,21.2,19.8,15.5,54.5,51.2,37.8,21.2,6
"814",814,25.8,18.3,21,36,58.1,48.2,44.1,21.9,6
"815",815,45,19.4,23.1,27.2,66,53.3,39.5,19.3,6
"816",816,31.2,20.2,18,20.7,59.1,55.1,42.2,20.3,6
"817",817,37.6,18.3,18.9,31.9,62.7,50.3,40.7,24.5,6
"818",818,25.3,13.3,15.9,22.9,54.2,45.1,42.7,23.8,6
"819",819,25.4,12.8,20.1,20.8,57.5,55.3,43.4,20.5,6
"820",820,33.8,14.9,23.8,31.5,56.5,51.7,42.8,22.6,6
"821",821,26.9,15.7,15,28.7,54.8,54.8,49,28.3,6
"822",822,28,11.8,20.3,30.5,56.5,54.4,46.9,29.5,6
"823",823,27.1,12,19.1,34.9,41.9,44.8,38.9,22.1,6
"824",824,30.8,17.3,20.4,25.9,57,53.8,47.1,18.9,6
"825",825,43.6,19.6,19.9,31,62.5,48.1,41.8,21.1,6
"826",826,32.9,14.5,19.3,53.5,60.8,53.2,40.3,27,6
"827",827,30,10.4,14.2,31.8,55.2,51.6,39,15.1,6
"828",828,21.4,13.5,18.7,28.6,14.3,51,51.2,26.5,7
"829",829,10.2,11.4,15.9,12.5,17.6,31.6,47.1,21.2,7
"830",830,13.2,8.4,14.4,28.4,18.3,36.9,48.5,22.4,7
"831",831,27.5,21,20.1,16.2,20.2,48.7,56.8,23.6,7
"832",832,9,12.1,9,30.6,16.8,27.9,40.6,31,7
"833",833,6.6,6.7,9,16.4,20.3,28.2,41.5,27.5,7
"834",834,11,11.6,13.5,2.2,20.6,34.5,40.5,25.4,7
"835",835,5.3,4.4,8.3,11.7,8.4,29.6,37.5,17.7,7
"836",836,19,12.9,14.1,24.1,19.6,41.9,47.6,24.6,7
"837",837,8.4,17.8,16.7,24.2,17.5,42.6,50.2,29.2,7
"838",838,11.7,5.9,9.1,4.9,13.9,36.8,46.8,19.2,7
"839",839,11.2,11.1,12.1,19.3,15.3,34.7,46.3,22.7,7
"840",840,14.8,12.7,13.9,65.6,14.9,40.6,41,31.5,7
"841",841,16.7,16.6,16.7,10.7,19.2,42.5,44.8,27.9,7
"842",842,16.8,13.9,13.8,20.8,14.8,34.8,42.8,28.5,7
"843",843,27.8,18.3,18.7,17.5,20.3,51.9,53.6,19.2,7
"844",844,20.4,13.4,16.3,28.5,20,49.3,56.2,23.4,7
"845",845,20.3,14.7,14.7,4.3,20.4,40.5,40.1,20.5,7
"846",846,12.4,9.7,12.9,16.3,15.9,35.9,45,23.7,7
"847",847,9.4,12.2,14.4,22.7,14.3,36.5,41.4,25.3,7
"848",848,13.2,13.6,14.9,24.6,15.7,42.8,44.1,23.5,7
"849",849,27.9,20.6,16.9,26.9,21.5,54.2,57.6,28.1,7
"850",850,23.4,17.5,15.7,29,17.8,40.6,50.1,26.9,7
"851",851,12.5,10.1,12.5,32.4,18.1,36.1,45,26.1,7
"852",852,15.2,13.1,14.6,24.3,16.5,35.5,42.1,25.6,7
"853",853,15.3,11.9,13,28.8,14.3,39.1,42.3,29.8,7
"854",854,12.8,9.8,15.1,26.8,21.9,41.3,48.8,28.8,7
"855",855,10,12.5,14,20.4,18,40.9,39.3,22.6,7
"856",856,9,10.4,11.9,13.6,15,32.9,43.4,25.2,7
"857",857,18.5,11,11.7,21.8,18.8,34.8,46.7,28,7
"858",858,14,11.9,14.7,9.7,16.9,33.9,40.1,23.3,7
"859",859,22.9,11.9,14.8,20.9,16.4,41.6,50.1,23.3,7
"860",860,14.8,12.1,15,35.4,17,41.6,45.9,25.9,7
"861",861,16.6,15.2,11.1,18.1,21.3,41.8,47.7,24.1,7
"862",862,22.3,15.2,17,25.9,20.2,51.5,58.9,30.5,7
"863",863,14.3,14.8,12.7,26.2,16.8,37.8,44.4,27.1,7
"864",864,16.1,12.9,12.9,7.2,17.2,35.2,41.8,23.7,7
"865",865,23.7,13.7,16.4,12.7,18.7,47.7,54.5,22.4,7
"866",866,13.8,11.2,14.4,19.6,27,42,50.2,31.8,7
"867",867,27.1,19.9,17.7,21.2,21.4,49.5,53.6,21.4,7
"868",868,25.4,12.9,14.1,38.9,17.7,44,56.6,31.8,7
"869",869,11.8,8.5,11.4,13,12.9,33.6,40.1,21,7
"870",870,13.8,13.1,13.7,28.4,15,27.7,38.1,22.1,7
"871",871,17.9,12.5,15.2,6.8,17.6,39,45.8,23.8,7
"872",872,28.2,22.4,16.2,27.3,20.3,47.6,52.7,26,7
"873",873,16.8,12.5,13.5,25.6,15.1,36.8,43.2,21.9,7
"874",874,12.7,11.9,14.7,13.5,15.8,33.9,43.5,23.1,7
"875",875,19.3,7.1,13.6,34.6,18.5,39,45.1,27,7
"876",876,34.7,20.9,15.5,23.6,21.2,45.7,53.1,23.3,7
"877",877,8.3,6.1,10.9,27.5,14.6,31.3,30.3,28.8,7
"878",878,16.1,6.5,11.3,12.2,12.8,31.3,45.9,30.4,7
"879",879,8.5,9.8,13.7,6.9,14.3,34.6,38.4,25.5,7
"880",880,19.4,13.4,15.6,25.4,18.4,38.3,43.2,27.7,7
"881",881,7.6,3.6,9.1,26.8,8.6,17.8,21.8,24.5,7
"882",882,18,9.3,11.5,22,18.3,37.6,41.3,26.1,7
"883",883,8.7,6.6,10,2.2,17.7,29.6,42.7,24.4,7
"884",884,11,10.3,13.7,19,15.3,37.5,39.5,23.9,7
"885",885,18.2,12.6,14.4,74.6,15,40.9,45,26.4,7
"886",886,18.2,14.2,16.5,15.8,19.1,42.2,42.4,30.9,7
"887",887,17.5,12.1,13.5,25.2,13.3,37.5,38.9,29,7
"888",888,30,19.9,15.6,19.6,19.6,49.2,51.9,23.4,7
"889",889,29.1,15.8,18.3,36.3,23.4,50.4,56.5,24.8,7
"890",890,16,14,16.1,6.4,23.6,34.1,39.6,19.8,7
"891",891,14.2,9.9,12.9,16.4,18.2,35.9,43.6,21.5,7
"892",892,10.4,10.7,12.3,16.7,17.2,35,38.1,24.6,7
"893",893,16.8,14.4,16.4,21.5,19.6,40.3,43,23.8,7
"894",894,25.3,15.6,15.5,29.1,19.4,42.6,50.8,29.7,7
"895",895,14.3,10.4,13.8,34.6,17,36.6,42.1,28.5,7
"896",896,19.6,12.5,14,27.2,17.7,37.2,40.4,27.1,7
"897",897,17.6,13.5,14.9,29.5,18.7,35.7,43.5,28.8,7
"898",898,14.6,13.1,11.9,26.6,19.5,38.6,46.1,27.2,7
"899",899,11.8,12.4,14,20.8,23.7,46.2,38.7,22.8,7
"900",900,17.1,9.7,15.1,24.3,17.6,37.4,45.4,36.6,7
"901",901,11.7,10.3,14.1,7.8,18.2,29.9,35.9,27.6,7
"902",902,23.5,14,12.9,26.3,16.5,36.7,44.2,26.5,7
"903",903,15.7,14.3,14.6,26.4,17,39,40.2,26.1,7
"904",904,24.6,13.7,12.8,27.4,19.6,44.4,53.3,28.9,7
"905",905,15,12.6,15.2,19.1,18.5,37.5,44.9,26,7
"906",906,11.4,13.3,15.2,13.7,18.4,37,41.9,26.6,7
"907",907,26,14.7,13.7,19.2,17.5,43.6,54.2,25.3,7
"908",908,28.9,20.4,17.2,25.3,21.3,44.1,48.9,27.8,7
"909",909,19.1,15.2,15.6,37,19.8,42.4,49.7,30.9,7
"910",910,14.9,8,11.9,18,16.2,36.3,40.7,19.3,7
"911",911,10.5,12.3,14.2,21,22,28.5,34.7,25.1,7
"912",912,17.7,11.5,13.6,13.6,16.1,35.2,43.8,24.9,7
"913",913,26.4,19.6,16.1,26.8,22.9,44.5,45.7,23.3,7
"914",914,15.4,11.7,14.7,36.9,15.3,37.7,37,26.6,7
"915",915,29.3,13.8,16.6,37.5,23.3,47.8,57,29.1,7
"916",916,12.6,11.3,15.4,12.6,19.3,32.4,38.2,21.2,7
"917",917,19,9,12,27.6,20.2,37.2,38.9,26,7
"918",918,29.9,19.3,17.2,29.5,27.6,45.6,52.3,29.5,7
"919",919,15.2,9.4,15.4,44,17,30.5,26.3,29.5,7
"920",920,11,11.1,11.7,9.6,18.9,28.5,35,27.5,7
"921",921,17.2,14.7,13.7,9.9,19.7,36.3,36.9,25.6,7
"922",922,9.4,2.6,8.4,28.6,8.7,21.5,24,24.1,7
"923",923,21,10.7,13.4,23.7,22.7,38,42.5,27.8,7
"924",924,9.3,6.2,12,4.2,18,36.4,43.9,19.7,7
"925",925,12.9,10.2,14.6,18.9,18.1,33.5,39.8,29.3,7
"926",926,19.1,11.3,12.9,66.3,14.9,36.3,38,30.5,7
"927",927,20.9,12.7,17.1,29.3,20.1,41.2,39.1,27.4,7
"928",928,33.6,18.1,16.2,22.1,24.4,41,47.9,20,7
"929",929,13.4,13.2,14.7,5.5,23,44.2,39.1,22,7
"930",930,16.8,9.2,12.8,17.7,20.9,34.5,41.3,22.7,7
"931",931,13.3,9.6,13.5,19.6,21.4,33.1,36,27.2,7
"932",932,18.3,13.6,15,21.9,18.6,41,42.1,26.5,7
"933",933,32.1,14,14.9,27.5,24.2,45.2,58.6,22.2,7
"934",934,21.2,12.2,12.2,24.8,18.8,39.3,47.6,27.9,7
"935",935,17.8,9.1,14.6,32.9,21.2,32.9,40.1,29,7
"936",936,19.7,12.4,15.2,25.4,20,35.8,37,29,7
"937",937,19.5,12.7,15.6,34.6,17.9,34.8,40.2,32.1,7
"938",938,14.8,9.6,13.2,27.5,16,34.5,39,32.6,7
"939",939,12.5,12.1,14.6,12.8,18.5,35.2,31.5,22.1,7
"940",940,20.5,12.1,13.5,26.8,19.6,38.5,46.7,33.6,7
"941",941,12.4,11.9,12.2,10.6,21.3,38.1,41.2,26.7,7
"942",942,29.4,12.4,18.1,22.7,23,37.7,42.8,27.4,7
"943",943,17,12.1,13.7,36,17.7,42,38.2,24.4,7
"944",944,30.5,13,14.7,32.1,22.3,39.6,48.6,33,7
"945",945,16.2,12.4,15,17.1,24.6,37.8,40.4,25.1,7
"946",946,10.6,9.5,13.4,18.4,19.4,37.9,37.9,22.7,7
"947",947,30.3,13.6,15.5,22.3,21,46.9,52,28.1,7
"948",948,21.7,12.5,14,13.2,17.2,41.8,44.6,28.5,7
"949",949,31.7,17.8,16.6,25.5,26.4,46.2,50.2,27.2,7
"950",950,13.9,12.2,13.8,19.9,10.8,27.4,32.8,23,7
"951",951,17.9,12,12.3,13,17.9,33.9,42.5,29.4,7
"952",952,30.3,17.3,16.7,25.5,27.1,43.7,44.8,26.2,7
"953",953,21.1,9.7,13.7,20,18.8,34.4,38.9,27.7,7
"954",954,33.7,15,17.2,35,25.7,39.3,49.5,26.9,7
"955",955,11.9,9.6,13.4,13.9,16.7,30.5,34.5,22.7,7
"956",956,18.7,5.9,9.1,21.6,21.1,35.3,38.9,20.9,7
"957",957,34,17.3,13.4,25,27.8,39.9,51.3,31,7
"958",958,12,9.8,13.3,25.5,19.8,29.4,35.2,29.3,7
"959",959,22.3,13,13.6,12.5,26.4,35.3,39.3,23.7,7
"960",960,23.9,10.6,12.7,24.5,25,35.4,39.6,28,7
"961",961,26.8,10.9,14.6,36.8,24.5,42.3,44.8,26.7,7
"962",962,16.1,7.2,9.5,2.2,28.2,35.7,41.8,24.2,7
"963",963,14,7.7,15.7,20.7,18.1,31.4,37.5,27.9,7
"964",964,22.5,9.2,13.2,69.3,26.2,34.9,37.1,28.4,7
"965",965,22.4,11.1,15.1,29.4,22.2,35.5,41.3,28.9,7
"966",966,35,17.7,15.7,19.3,25.1,42.6,45.8,23.6,7
"967",967,26,10.2,15.1,34.7,26.3,46,48.7,16,7
"968",968,21,11.4,14,4.3,23,35,36.6,22.4,7
"969",969,18,9.1,12.3,20.1,24.3,31.7,37.5,25.3,7
"970",970,13.4,8.8,12.2,17,21.7,29.2,36.2,24.4,7
"971",971,19.7,11.5,15,28.4,23.3,34.7,38.8,28.6,7
"972",972,34.1,14,11.6,29.5,30.3,44.6,56.7,29.6,7
"973",973,24,14.5,15,33,21.8,39.3,45.8,28.4,7
"974",974,17.3,8.8,12,34.3,21.1,31.9,38.4,27.5,7
"975",975,29,13.1,15.6,27.1,25,35.2,39.3,28.2,7
"976",976,22.8,11.9,12.7,35.7,19.8,37.1,37.1,34.8,7
"977",977,17.3,8.6,9.2,24.4,22.7,36.7,39.5,25.1,7
"978",978,19.1,10.6,13.6,18,27.3,34.7,45.5,22.6,7
"979",979,10.4,7.2,12.7,44.5,23.7,34.9,37.5,29.4,7
"980",980,19.5,10.3,10,21.4,19.9,29.6,40.5,32,7
"981",981,20.3,7.8,12.6,11.1,23,30.8,33.2,30.4,7
"982",982,29.5,8.4,13.7,28.6,24.6,33,44.3,26.9,7
"983",983,22.9,11.9,14.6,21.2,19.2,37.1,34.8,25,7
"984",984,20,11.3,15.1,11,25.6,37.3,40.4,25.5,7
"985",985,32.2,9.9,14.4,29.2,25,44.5,50.4,39.5,7
"986",986,15.7,8.4,14.9,25,22.8,31.5,37.4,25.5,7
"987",987,30.6,11.8,15.1,40.2,24,41.3,48.6,24.7,7
"988",988,21.8,10.2,12.1,17.7,21.6,36.9,37.5,29,7
"989",989,34.5,15,16,20.2,27.8,43.7,48.7,26,7
"990",990,28.6,12.1,14.3,41.4,25.5,40.2,45.4,34.4,7
"991",991,13.3,5.6,9.4,18.5,12.7,28.4,31.9,20.5,7
"992",992,27.2,13,15.8,14,41.9,53.9,45.2,24.9,7
"993",993,23.1,10.5,13.5,14,22.4,35.4,39.1,26.5,7
"994",994,38.4,15.5,15.2,29.8,32,38.1,39.9,30.5,7
"995",995,19.3,10.7,13.3,40.4,19.8,18.2,31,25.7,7
"996",996,23.8,10.7,12,23.1,20.6,30.6,39.3,28.3,7
"997",997,42.1,15.1,15.4,38.2,30.9,42.1,48.9,32.2,7
"998",998,13.9,9.9,11.7,14.7,20.4,29.2,36.6,20.9,7
"999",999,24.2,8.2,10.7,28.9,23.9,21.5,37.6,25.7,7
"1000",1000,37.5,14,13,24.4,26.7,40.7,53.9,23.9,7
"1001",1001,20.3,4.7,7.9,35.8,17.3,32.8,44.9,29,7
"1002",1002,20,9.8,12.3,38.9,22.1,29.9,33,28.8,7
"1003",1003,25.6,10,16.2,24.2,29.4,38.7,47.4,26,7
"1004",1004,26.3,9.7,11.8,23.9,27.5,36.9,38.8,18.8,7
"1005",1005,32.1,12.8,14.8,28.2,25.8,39.2,45.6,27.8,7
"1006",1006,17.7,5.5,8,6.9,21.4,32.8,36.9,31.3,7
"1007",1007,16.9,7.8,12.2,25.7,19.6,30,33.7,25,7
"1008",1008,27.4,9.2,12.1,75.3,19.7,36.5,38.5,25,7
"1009",1009,29.6,13.4,15.2,19.2,23,40.4,46.5,25.6,7
"1010",1010,27.9,11.4,14.1,22.3,21.2,34,35.7,29.2,7
"1011",1011,23.1,9.1,12.9,25.4,23.3,34.3,41,31,7
"1012",1012,38.2,16.1,15.2,20.3,30.4,43.4,51,22.5,7
"1013",1013,42.1,14.5,15.4,43.4,29.8,45.3,50,25.6,7
"1014",1014,22,11.5,13.9,6.1,23.7,35.4,37.5,23.9,7
"1015",1015,25.9,9.1,12.5,23.1,24.1,31.3,35,20.8,7
"1016",1016,17.6,9,13.9,17.1,24.8,27.4,29.9,33.9,7
"1017",1017,23.4,11.5,12.8,28.5,25.3,35.4,36.6,29.1,7
"1018",1018,39.6,13.1,12.6,27.8,31.2,37.8,46.8,29.5,7
"1019",1019,22.5,7.8,12.6,33.2,21.2,32.4,38,28.6,7
"1020",1020,28.8,11.5,14.2,33,25.6,34.3,35.8,30.4,7
"1021",1021,26.1,10.4,12.4,33.6,23.1,36.4,41.6,29.2,7
"1022",1022,27.1,11.5,14,24.6,25.5,31.1,36.5,30,7
"1023",1023,18.1,9.6,13.8,54.6,27,30.8,40.4,36.1,7
"1024",1024,26.2,9.5,10.8,27.1,19.6,30,40.3,30,7
"1025",1025,19.8,10.3,13.6,9.7,26.1,31.8,31.7,26.9,7
"1026",1026,32,9.7,14.2,63.6,26.8,35,45.5,29.7,7
"1027",1027,26.3,9.6,14.2,34.7,23.9,38.3,35.8,14.6,7
"1028",1028,25.5,14.2,14.7,23.5,26.8,40.5,43.9,25.3,7
"1029",1029,35.3,14.2,14.7,27.5,24.1,40.6,48,31.4,7
"1030",1030,19.6,9.5,13.8,17.1,23.4,31.1,35.3,29.7,7
"1031",1031,35.8,9.9,12.6,24.9,29,45.9,56,31,7
"1032",1032,27.3,8.8,13.5,21.6,22.4,37,41.6,28.3,7
"1033",1033,40.9,13.9,16.6,25.7,26.1,39.6,46.5,31.9,7
"1034",1034,31.2,10.3,12.4,39.6,27.2,40.6,47,32.1,7
"1035",1035,14.3,7.6,11.4,15.1,17.1,30.9,32.9,20.8,7
"1036",1036,15.6,9.8,12.9,13.1,17.7,26.2,30.7,24.4,7
"1037",1037,24.4,8.7,13.9,18.4,22.7,35.7,40,26.2,7
"1038",1038,39,14.3,16.3,27.3,29.9,35,38.1,28.6,7
"1039",1039,22.1,9.9,13.5,38.4,20.3,34.8,34.5,29.4,7
"1040",1040,25.3,10.3,11.4,20.8,18.7,30.2,37.4,26.2,7
"1041",1041,42.3,11.5,14.3,34.5,29.4,42.8,57.1,22.4,7
"1042",1042,14,11,12.6,15.8,19.4,28.7,36.8,22.8,7
"1043",1043,28.8,8.6,11.2,33.6,26.6,35.6,42.8,30.3,7
"1044",1044,37.5,13.4,15.9,25.2,30.8,43.7,49.9,32.2,7
"1045",1045,23.8,5,10.1,22.7,20,30,32.6,29.3,7
"1046",1046,19.7,8.6,13.5,36.2,23.5,28.7,32.2,27.3,7
"1047",1047,28,11.1,13.2,27.1,28.3,36.7,42.4,26.6,7
"1048",1048,29.8,8.6,14.3,29.3,28.1,36.3,40.1,28.3,7
"1049",1049,32.4,12.3,11.8,32.6,28.4,34.2,45.8,25.7,7
"1050",1050,29,4.6,9.3,3.3,26.3,36.2,41.2,22,7
"1051",1051,17.5,7.8,11,22.8,19.4,33.1,38.2,28.2,7
"1052",1052,32.2,9.7,13,72.1,28.9,40.5,39.4,26.2,7
"1053",1053,32.4,11.2,14.7,23.1,25.6,38.7,44.4,23.7,7
"1054",1054,31.1,11.7,12.5,19,24.5,33.2,38.9,29.7,7
"1055",1055,37.5,17.2,15.2,24.2,26.7,40.3,50.3,23.1,7
"1056",1056,41.4,15.9,14.1,40.1,29.2,41,52.5,22.6,7
"1057",1057,30,12.3,15.3,5.3,25.2,35.4,39.6,17.7,7
"1058",1058,22.4,7.6,14.4,25.3,26.6,31.6,32.3,33,7
"1059",1059,19.9,9,12.4,18.5,26,27.4,33.5,23.3,7
"1060",1060,26.4,10.3,13,31.1,25.2,35.7,37.1,26.4,7
"1061",1061,41,15.7,14.2,23.2,26.9,39.3,47.9,27.2,7
"1062",1062,31.4,14.1,12.4,33.3,26.1,34.4,44.9,27.2,7
"1063",1063,23.5,9.3,11.4,32.5,22.2,33.4,39.3,21.9,7
"1064",1064,29,10.2,13.5,30.6,24.8,32.7,34.4,25.7,7
"1065",1065,23.5,9.4,11.3,42.7,25.9,39.3,42.5,27.7,7
"1066",1066,21.4,12.2,12.8,22.8,22,31.3,32.3,23,7
"1067",1067,18.7,8,13.4,37.7,24.9,32,34.4,11.1,7
"1068",1068,29,9.1,10.8,36.2,28.3,37.3,47.7,24.5,7
"1069",1069,21.7,9.7,12.7,7.6,24.3,26.6,35.6,25.9,7
"1070",1070,35.3,10.5,11.7,28.6,26.4,36.7,46.2,27,7
"1071",1071,25.3,10,12.9,22.8,25.6,39.8,40.7,33.9,7
"1072",1072,40.9,13.5,13.2,30.3,27.6,43,51.1,28.1,7
"1073",1073,24.4,10.5,15.2,20.2,25.3,33,37.6,28.1,7
"1074",1074,19.2,8.4,14.6,20.3,21.9,31.9,32.7,25.1,7
"1075",1075,36.1,11.2,13.7,18.9,27.3,46.1,56,18.3,7
"1076",1076,27.6,9.6,12.6,18.8,21.3,37.5,41.5,26,7
"1077",1077,41.2,14.4,15.9,20.2,28.3,41,49,24.6,7
"1078",1078,32.6,9.8,10.7,44,23.8,37.7,41.4,31.4,7
"1079",1079,15.2,5.2,9.5,21.7,13.2,30.2,34.6,27.1,7
"1080",1080,21.7,12.1,13.6,19.2,26.1,28.3,33.4,23.3,7
"1081",1081,34.6,14.1,14.1,24.2,30.4,37.8,41.8,22.4,7
"1082",1082,22.7,8.8,13.4,45.4,20.5,33.9,34.5,24.6,7
"1083",1083,26,9.2,12.1,22.5,19.8,32.6,40.9,26.4,7
"1084",1084,18.5,10,13.8,16.2,19.3,32.8,37,21.1,7
"1085",1085,30.6,7,10,27.8,22.1,40.6,46.2,43.6,7
"1086",1086,41.6,13.4,15.9,34,27.3,44.3,51.3,27.2,7
"1087",1087,22.7,9.4,12.1,20.2,23.6,28,32.9,26.6,7
"1088",1088,33.3,10.9,14.1,27.8,26.4,37.8,47.3,23.9,7
"1089",1089,32.7,9.5,13.1,24,28.7,35.1,41.4,23.3,7
"1090",1090,39.2,12.4,15.4,34.9,28.6,36.8,43.3,28.8,7
"1091",1091,22.7,9.9,10.9,31.8,19.9,35.4,41.6,24.3,7
"1092",1092,35.5,11.8,14,47.8,26.7,37.1,35.6,22.6,7
"1093",1093,35.2,13.3,14.2,24.4,24.3,36.3,40.2,23.4,7
"1094",1094,33.1,10.7,12.1,20,22.7,30.9,38.1,26,7
"1095",1095,33.5,9.9,13.5,24.6,21.5,30.6,41,27.2,7
"1096",1096,42.2,15.1,15.4,20.3,25.5,41.6,53.8,17.7,7
"1097",1097,39.8,11.5,14.5,45.1,29.2,45.9,55.6,27.2,7
"1098",1098,19.6,12.1,12.8,6.8,23.2,25.6,38.6,21.1,7
"1099",1099,25.4,9.8,12.4,16.3,30.1,34.7,42.4,28.5,7
"1100",1100,24.5,8.9,12.9,18.3,23,34.9,32.1,22.4,7
"1101",1101,29.9,11.1,15.3,28.5,26.6,36.8,40.4,22.3,7
"1102",1102,50.3,15.9,12.2,19,28.2,38.4,48.7,23.3,7
"1103",1103,33.1,10,13,24.9,22.7,37.3,44,27.8,7
"1104",1104,25.8,9.2,12.7,33,20.9,33.8,38.8,21.6,7
"1105",1105,34,10.6,14.1,28.9,27.2,35.8,40.7,20.1,7
"1106",1106,23.8,6.4,12.6,20,29.1,37.8,44.7,26.5,7
"1107",1107,23.7,11.5,13.8,17.4,24.5,27.8,37.4,23.3,7
"1108",1108,24.9,7.4,11.4,26.4,20.8,34,46.7,23.9,7
"1109",1109,23,10,15.5,6.8,26.1,33,37.1,21.3,7
"1110",1110,39.1,10.9,13.4,28.8,23.6,39.9,52.8,26.5,7
"1111",1111,27.5,9.7,12.9,61.5,24,37.8,40.3,21.2,7
"1112",1112,30.9,11.5,15,25.3,28.5,39.1,45.9,26.3,7
"1113",1113,40.7,13.5,14.2,33.7,25.9,39.7,50.6,30.5,7
"1114",1114,23.4,9.6,15.8,21.5,22.5,31.3,39,25.6,7
"1115",1115,37.6,11.2,14.7,21,24.9,42.5,50.6,21,7
"1116",1116,27.7,7.3,14,14.2,22.7,38,43.3,23.5,7
"1117",1117,47.8,16.2,17.5,30.4,29.7,39.2,49,25.6,7
"1118",1118,41.6,13.5,13,41.9,28,37.9,46.7,29.3,7
"1119",1119,17.2,6.3,10.2,27.4,17,32.7,38.6,18.2,7
"1120",1120,24.2,11.1,14,18.3,24.5,28.7,32.8,25.7,7
"1121",1121,45.5,14.8,16.8,25.3,30.5,39.7,44.5,26.2,7
"1122",1122,24.6,10.7,13.1,17.1,21.4,36.9,36.6,32.2,7
"1123",1123,27.4,8.4,10.9,21.5,19.5,34.8,43.9,27,7
