"","X","Soda_a_day","Obesity","Overweight","PE_daily","TV_.3hrs_daily","No_vege_daily","No_fruit_daily","Excercise_Daily_..1hr","gender"
"1",1,18,15.3,19.3,21.1,20.4,54.8,47.9,15.1,1
"2",2,11.3,11.3,14.5,14.2,20.9,38.5,50.1,13,1
"3",3,11.8,8.9,19,26.1,20.1,45.8,51.6,15,1
"4",4,22.4,19,21.7,15.1,24.8,52.7,52.1,16.9,1
"5",5,11.5,10.5,17.3,24.5,18.6,36.9,44.8,16.3,1
"6",6,10.6,7.3,10.2,14.2,19.9,37.1,49.2,16,1
"7",7,10,12.1,16.1,20.2,23.9,39.9,41.2,15.2,1
"8",8,13.2,17.1,19.1,6.3,25.5,57.2,42.6,11.1,1
"9",9,13.3,11.6,18.3,14.6,22.3,48.2,47.3,14.4,1
"10",10,10.2,15.7,20.9,16,21.8,53,50.6,14.5,1
"11",11,11.1,21.3,21.1,7.8,20.5,47.1,60.3,14.8,1
"12",12,8.3,11.8,14.5,6.3,17.2,49,58.7,11.2,1
"13",13,7.5,9.1,12.6,13.2,15.8,37.6,47.5,15.1,1
"14",14,9.9,11.7,16.9,63.5,19.2,44.7,45.8,20.5,1
"15",15,12.7,14.7,17.7,11.5,21.2,44.7,45.7,18.2,1
"16",16,11.4,13.5,17.1,16.3,17.6,37.6,43.6,20.7,1
"17",17,23.5,14.6,20.3,14.7,24.1,52.6,53.3,13,1
"18",18,19.3,13.6,21.1,24.5,28.3,60.4,57.4,15.2,1
"19",19,9.5,10.6,16.4,3.9,21.6,42.1,40.5,15.6,1
"20",20,10.2,10.9,17,12.4,20.9,42.8,47.1,14.3,1
"21",21,9.4,11.3,15.4,22.4,19.8,38.5,41.7,16.2,1
"22",22,10,13.8,15.9,16.5,19.8,45.4,46.8,15.7,1
"23",23,23.1,21.1,21.7,20.1,30.8,60.5,55,15.6,1
"24",24,17.6,13.9,17,25.3,21.2,41.3,50,21.3,1
"25",25,8.2,9.4,13.8,27.9,19.9,37.5,45.9,19.5,1
"26",26,11.7,11.9,17.4,22.8,20.8,40.4,43,15.4,1
"27",27,12.7,10.3,14.3,24.2,17.6,40.6,44.6,20.4,1
"28",28,9.1,9.3,17.2,20.3,21.9,50.3,50.2,16.2,1
"29",29,5.9,9.1,14.1,19.7,20.6,38.5,45.5,15.6,1
"30",30,7.3,9.9,14.2,5.9,19.3,40.4,45.2,16.7,1
"31",31,14.7,12.1,17.1,22,20.7,44.4,51,20.4,1
"32",32,9.7,11.4,16.8,16.4,19.3,45.9,45.1,14.5,1
"33",33,17.2,12.7,17.2,16.3,22,43.1,46.7,13.4,1
"34",34,11.4,11.5,16.9,30.4,23.2,42.6,46.3,18,1
"35",35,11.4,13.3,14.3,15,16.6,45,52.4,16.4,1
"36",36,19.1,14.4,22,23.4,24.1,52.8,58.5,21,1
"37",37,9.6,12.6,16.3,24.1,19.8,40.6,44.7,18,1
"38",38,25.4,11.8,17.5,27.4,19.4,65.9,58,11.3,1
"39",39,11.5,10.5,16.4,11.5,18.9,40.3,42.9,14.7,1
"40",40,19.1,12.7,19.7,11.1,24.6,51.7,50.2,15.2,1
"41",41,10.9,10.1,15.5,16,17.6,41,53.6,23.8,1
"42",42,23.5,17.3,19.6,17.1,24,48.8,52.5,13.6,1
"43",43,17.2,13,21.6,34.5,21.3,52.8,51.9,15.9,1
"44",44,8.6,6.3,13.1,12.7,14.3,36.8,42,14,1
"45",45,5.9,10.7,14.7,5,14.3,26.6,37.6,15.3,1
"46",46,13.7,12.3,16.4,3.9,21.9,42.1,46.9,14.1,1
"47",47,22.9,20.2,18.1,21.8,22.2,45.9,54.5,19.2,1
"48",48,10.6,11.3,17.5,13.9,17.6,42,47.5,16.5,1
"49",49,11.3,12.8,19.3,14.9,20.8,42.8,47.3,13.3,1
"50",50,14.7,7.7,16.7,31.9,22.1,42.4,45.9,17.1,1
"51",51,30.8,19,20.1,20.8,23.6,48.2,52.3,14.7,1
"52",52,9.1,10,15.6,34,20.1,45,41.9,20.6,1
"53",53,8.6,6.7,12.9,12.8,16.9,34.1,34.2,20.4,1
"54",54,7.9,10.6,17.4,8.3,18,37.4,37.8,14.9,1
"55",55,13.9,12.9,17.8,3.9,23.8,38.7,44.2,16.8,1
"56",56,15.4,17,20.5,12.4,28.1,50.1,49.1,9.4,1
"57",57,14,8.6,15.3,15.4,23.9,46.9,43,14.5,1
"58",58,19.3,17.6,22.5,6.1,21.3,45.8,56.1,15.7,1
"59",59,7.9,10.7,14.9,4,20.9,44.4,53.5,14.9,1
"60",60,9.4,10.6,14.2,16.1,17.6,37.9,43.9,15.5,1
"61",61,14.6,11.9,16.5,67.8,20.7,43,42.5,16.1,1
"62",62,15.4,11.8,17,12.1,18.6,45.1,40.5,21.3,1
"63",63,12.4,10.2,16.1,19.2,15.5,37.9,37.6,19.9,1
"64",64,24.3,17.2,17.3,13.1,22.2,48.1,54.9,12.8,1
"65",65,27.8,13.6,18.7,28.3,32.3,57.2,54.1,15.9,1
"66",66,9.4,10.2,16.9,5.9,24.1,37,38.9,15.2,1
"67",67,12.1,10.4,16,12.3,23,43.5,47.5,12.6,1
"68",68,8.2,8.9,14.6,15.1,21.7,37.6,38.3,17.1,1
"69",69,14.9,14.1,19.4,16,21.3,42.4,43.6,16.7,1
"70",70,24.1,14.4,16.2,24.9,22,45.1,53,21.8,1
"71",71,10.9,8.7,14.2,30.5,18.6,37.5,43,18.7,1
"72",72,15.4,12.1,16.8,25.3,20.6,40.7,41.8,17.5,1
"73",73,11.9,12.1,17.5,22.4,18.1,37.9,43.4,21.2,1
"74",74,11.4,10.9,14.2,25.1,20.9,42,48.7,18.4,1
"75",75,8.2,9.6,14.6,16.1,16.7,39.7,38.3,15.3,1
"76",76,16.8,12.2,17.7,21.7,21,42.2,48.7,22.4,1
"77",77,11.4,10.7,18.2,14.4,22.8,38.6,42,18.5,1
"78",78,18.1,12.1,17.8,19.7,25.1,42.1,42.2,13.9,1
"79",79,11.4,12.9,16.1,28.2,18.1,38.4,38.9,17.7,1
"80",80,22.5,17,19.4,19.7,26.5,47.2,55.8,21.1,1
"81",81,12.4,11.3,16.2,17.9,22.4,38.7,46.3,16,1
"82",82,25.1,8.8,14.1,0.2,23.1,66.9,59.5,10.6,1
"83",83,9.4,12.9,17.1,14.9,20.1,42,41.7,15.1,1
"84",84,22.7,16.8,17.6,14.5,26.5,50.2,49.5,14.1,1
"85",85,22.7,16.9,18.2,23.3,24.8,48.6,49.6,17.6,1
"86",86,13.4,16.1,20.3,29.9,21.5,48.9,48.5,18.6,1
"87",87,10.6,5.3,13.6,17.8,17.1,36.5,42.1,12.9,1
"88",88,6.4,10.1,14.6,13.3,17.6,26.8,34.5,17.3,1
"89",89,13.7,11.1,16.6,9.4,18.6,37.2,43.2,15.2,1
"90",90,21.4,15.4,18.2,23.3,23.7,42.6,46.9,16.1,1
"91",91,11,10.7,16.8,34.5,17.1,40.3,40.2,16.7,1
"92",92,28.6,13.5,17,25.2,33.5,51,53.1,15.2,1
"93",93,14.5,10.9,18.1,13.2,20.1,35.7,44.8,17,1
"94",94,16.3,7,14.2,21.5,26.2,40,40.6,19.3,1
"95",95,26.1,14.7,18.5,25.2,30.8,46.1,50.4,20.7,1
"96",96,12.3,9.2,15.8,36.9,22.3,38.6,33.9,18.9,1
"97",97,7.8,9.3,14.1,10.5,22.3,33.7,35.7,18.1,1
"98",98,16.9,13.3,17.3,9.6,27.2,42.3,39.3,17.6,1
"99",99,18.4,14.4,20.8,28.7,32.6,51.8,49.8,11.7,1
"100",100,17,8.7,15.5,14.1,27.8,44.4,42.3,14.3,1
"101",101,16.1,16.4,22.6,7.2,22.5,42.9,58,15.6,1
"102",102,10.2,8.1,15.1,5,21.8,48,53.5,14.2,1
"103",103,9.7,7.4,14.3,16.9,20.6,33.9,41.5,21.1,1
"104",104,14.1,8.4,14.6,59.8,21.6,43.8,41.2,19.9,1
"105",105,15.7,9.7,18.1,21.6,22.2,41.1,41.8,16.5,1
"106",106,31.6,16.2,19.2,19.3,25.4,41.2,47.3,12.9,1
"107",107,9.4,9.1,14.8,4.9,22.7,38.6,38.5,15.6,1
"108",108,14.2,8.8,15.4,12.6,27.1,41.7,45.5,14.1,1
"109",109,9.7,7.2,14.7,18.4,21.9,38.2,39.8,17.6,1
"110",110,14.8,11.5,16.2,16.1,20.9,41.7,44.2,19.3,1
"111",111,29.1,16.2,19.2,24.3,36.1,48.7,52.8,13.9,1
"112",112,17.1,10.3,12.4,18.2,23.9,43.9,47.9,19,1
"113",113,12.9,7.4,14.9,28.3,22,34.5,41.9,20.7,1
"114",114,16.4,10.8,16.6,25.5,24.4,40,37.9,17.7,1
"115",115,15.8,9.3,16.4,26.9,19.1,36.8,41.3,23.6,1
"116",116,11.3,6.3,14.1,27.6,22.1,42.1,42.8,21.2,1
"117",117,7.5,7.9,14.4,20.5,18.6,35.5,41,15.1,1
"118",118,17.7,11.6,16.6,23.4,24.9,42.6,47.7,23.4,1
"119",119,11.3,10.1,13.9,18.7,27,37.6,41.5,19,1
"120",120,23.9,12.5,17.2,19.9,30.3,40,41.7,14.8,1
"121",121,12.3,8.6,17.1,34.6,16.7,40.6,35.6,15.7,1
"122",122,25.3,12.9,16.7,26.8,28.2,43.8,48.2,21.5,1
"123",123,12.9,12.4,16.7,15,27.2,39.4,44.4,17.3,1
"124",124,31.4,10.3,15.7,22.7,29.9,61,42.6,12.3,1
"125",125,9.5,7.6,14.1,20,21.9,39.6,40.3,12.6,1
"126",126,26.5,13.4,17.5,15.2,29.1,54.4,57.2,13.6,1
"127",127,17.4,10.3,13.3,11,21.7,39.2,45.5,18.8,1
"128",128,26,14.2,17.8,21.6,29.6,50,51.6,17.6,1
"129",129,9.5,8.6,13.9,29.1,14.9,26.6,33.3,15.6,1
"130",130,14.2,11.4,15.7,11.8,23.5,40.3,44.3,17.6,1
"131",131,26.4,12.2,17.1,24.7,28.6,42.3,43.8,18.3,1
"132",132,15.6,8,13.9,21.2,22,34,41.2,20.5,1
"133",133,29.4,13.5,16.2,28,32.8,44.8,48.2,14.1,1
"134",134,10.9,11.4,12.7,11.7,19.6,36.9,39.5,14.2,1
"135",135,16.9,7.1,12,18.5,27.7,37.7,43.7,15.5,1
"136",136,29.4,11.7,15,21.5,30.6,44,52.4,21.1,1
"137",137,10.4,10.1,13.5,19.9,23.2,34.5,38,18.7,1
"138",138,19.2,11,17.3,9,31.1,40,38.1,14.8,1
"139",139,19,8.2,16,17.3,30.8,43.6,42.8,16.4,1
"140",140,23.3,11.1,16.8,28.8,32.7,45.1,44.4,15.1,1
"141",141,12,9.6,14.3,7.4,27.8,45.2,46.2,13.6,1
"142",142,12.4,5.9,16,16.1,18.3,34.1,38.7,17.2,1
"143",143,18,9.2,12.7,63.3,29.6,40.6,38.1,19.3,1
"144",144,18.9,9.1,14.6,22.7,23.8,38.6,43.4,19.1,1
"145",145,29.6,11.3,17,16.1,28.8,43.5,44.3,15.4,1
"146",146,34.6,12.8,15.8,30,34.7,48.9,51.8,16.5,1
"147",147,12,8.1,13.4,3.9,22.1,28.6,36.5,16.9,1
"148",148,15,8.2,14.8,13.9,32.2,37.9,39.8,16,1
"149",149,10.6,7,11.5,14.6,24.5,30.8,39.6,16.4,1
"150",150,15.4,8.7,15.3,21.2,26.2,36.8,38.8,19.5,1
"151",151,34.7,11.7,16.3,25.2,40.7,47.2,55.5,17.5,1
"152",152,21.1,11.1,16.3,24.4,24.5,43.7,47.6,18,1
"153",153,12.7,5.6,11.2,30.8,20.4,32.4,38.8,19.6,1
"154",154,24.1,10.9,16.6,24,32.2,38.7,40,17.7,1
"155",155,17.2,7.9,11.8,30,21.6,37.2,37.1,23.9,1
"156",156,13.5,7.5,14.9,25.8,29.9,40,40.4,17.2,1
"157",157,19.3,7.4,14.2,14.2,23.7,37.6,41.5,15.3,1
"158",158,10.2,4.9,12.4,45.3,29.5,37.1,35.4,17.1,1
"159",159,17.3,8.5,15,20.6,25.7,37.7,44.8,23.5,1
"160",160,15.8,8.9,13.7,18.2,26.4,36.6,39.3,17.6,1
"161",161,24.8,9.6,16,27.3,34.5,39,44.4,15.4,1
"162",162,16.3,10.1,15.1,38.7,18.6,38,33.4,19,1
"163",163,16.1,8.3,16.7,25.3,29.1,35.5,37.5,17.6,1
"164",164,29.1,9.7,15.9,29.2,31.4,46.7,50.4,26.6,1
"165",165,14.4,7.8,17,26.7,26.3,34.8,37.6,15.9,1
"166",166,28.7,9.6,18.3,19.2,36,48.8,48.8,15.4,1
"167",167,16.3,7.1,11.6,14.7,23.5,33.9,37.2,20.6,1
"168",168,32.4,13.7,16.8,21.2,34.4,46.2,46.3,15.8,1
"169",169,22.9,11.8,16.4,34,32.2,49.3,43.7,20.6,1
"170",170,9.4,4.5,11.1,15.2,14.9,30.9,34,11.5,1
"171",171,23.5,9.5,14.7,11.4,20,40.1,49.8,17.7,1
"172",172,19.7,9.4,14.8,11.9,28.1,38.7,41.2,15.9,1
"173",173,33.7,12.5,14.8,27.5,32.1,38,43,19.6,1
"174",174,14.7,8.1,14,38.5,23.4,26.8,30.7,18.3,1
"175",175,18.6,8.4,13,19.8,19.5,30.9,40.5,19.9,1
"176",176,39,14.3,16.3,25.7,40.2,50,47.5,15,1
"177",177,11.9,8.8,14.7,12.8,21.9,33.3,38.6,14.3,1
"178",178,17.6,6.9,12.6,23.2,26.6,38.4,42.9,18.1,1
"179",179,34.6,10.3,16.3,20.4,35.8,44,52,18.4,1
"180",180,17.9,2.6,8.2,27.6,19.2,41.1,40.8,21.3,1
"181",181,9.9,8.4,11.7,26.8,26.7,32.1,34.9,17,1
"182",182,22.5,9.5,19.7,23.3,36.3,47.3,49.3,17.6,1
"183",183,24.2,15.5,19.5,12.3,40.5,45.5,39.3,13,1
"184",184,22.6,7.7,13.4,16.2,35.5,41.9,39.5,15.9,1
"185",185,24.9,11.7,14.9,21.9,39.1,43.4,46.3,14.2,1
"186",186,14.1,8.7,13.2,4,28.7,40.7,47.1,13.6,1
"187",187,12,6.9,12.4,16.8,19.4,31.9,34.3,14.5,1
"188",188,22.5,7.1,15.7,71.2,27.6,43.8,39.4,15.8,1
"189",189,23.7,11.5,18.5,16.6,27.1,41.4,46.4,15.8,1
"190",190,21.2,10.1,14.5,20.9,22.5,37,37.6,19.9,1
"191",191,19.6,8,12.8,18.9,23.3,35.9,39.7,19.5,1
"192",192,35.7,12.1,16.6,15.3,31,44.8,50.9,13.3,1
"193",193,43.1,13.8,22.1,39,44.6,50.9,50.1,13.9,1
"194",194,9.1,7.7,13,5.6,22.1,32.8,35.7,17.1,1
"195",195,22.5,10.5,15.3,14.5,33.8,40.1,39.6,20.6,1
"196",196,13.5,6.2,14,16.6,28.2,37.2,41.2,14.9,1
"197",197,18.9,8.1,15.4,18.7,28.5,35.7,38.4,18.8,1
"198",198,37.8,13.5,18.1,23.6,43.7,46.5,43.2,14.6,1
"199",199,16.7,5.4,11.6,29.1,19.4,33.1,37.9,20.9,1
"200",200,24,9.8,15.4,27.2,31.6,38.4,38.4,18.5,1
"201",201,22.5,8,13.6,27.9,23.6,38.1,42.9,19.8,1
"202",202,17.4,9.4,14.4,20,28.5,27.7,35.1,13.9,1
"203",203,15.1,7.4,15.1,54.5,33.6,35,39.8,18.3,1
"204",204,23.6,7.8,14.1,22.9,28.3,38.1,43.8,18.5,1
"205",205,19.1,8,14.9,17.4,30,33.9,34.9,16.2,1
"206",206,26.3,10.9,16.4,22.5,33.8,40.6,45.9,18.4,1
"207",207,19.3,7.4,15.1,18.5,25.8,36.7,34.7,14.3,1
"208",208,21.9,11.8,13.3,20,29.6,41.1,44.5,15.4,1
"209",209,31.7,15.5,15.2,20.6,30.4,42.4,46.2,18.3,1
"210",210,15.3,8.4,14.9,23.1,28.2,33.9,37.1,18.2,1
"211",211,30.9,8.4,18.4,17.7,41.6,47.2,51,15.8,1
"212",212,20.1,7.5,14.3,18.4,22,36.9,40,17.1,1
"213",213,37.5,12.4,17.5,20.6,34.2,41,47.2,18.2,1
"214",214,25.5,11.9,18.3,33.3,37.7,47.9,43.6,18.7,1
"215",215,10.6,4.8,10.7,14.3,18.7,30.7,31.9,14,1
"216",216,10,6.4,11.4,11.2,20.1,24.7,30.6,16.1,1
"217",217,22.9,10.7,16.5,14,32.7,41.1,42.5,17.1,1
"218",218,35.6,9.5,15.3,23.1,28.3,33.9,40.7,19.2,1
"219",219,17.1,6.8,15,36.2,23.7,35.5,35.1,21.3,1
"220",220,20.9,7,12.6,16.4,19.7,31.7,40.1,17.2,1
"221",221,35.7,9.6,19.3,29.6,36.8,44.2,51.6,13.4,1
"222",222,19.8,9.9,15.1,13.3,25.4,35.5,40.7,14,1
"223",223,22.6,8.6,14.6,24.3,34,42.3,44.7,18.1,1
"224",224,32.9,9.9,15.2,21.3,34.7,45.2,46.8,13.4,1
"225",225,20.2,5.3,10.2,15.6,20.5,34.7,35.8,19.4,1
"226",226,19.1,6.5,11.9,30.1,29.4,35.4,34.5,14.6,1
"227",227,25.6,11.6,16.5,22.7,36.5,46.6,46.7,13.9,1
"228",228,24.1,7.3,13.3,19.7,36.8,42.7,42.4,18.4,1
"229",229,27.1,10.3,15.7,26.8,39.9,42.3,44.7,14.3,1
"230",230,14.9,11.3,14.3,9,29.1,42.9,46.2,11,1
"231",231,13.9,4.8,11.3,15.9,20.2,34.6,37.7,16.5,1
"232",232,26.8,8.9,14,67.8,34.6,44.7,40.5,16.2,1
"233",233,26.4,9.5,17.6,14.7,30.3,41.4,46.1,14.3,1
"234",234,24.9,9.3,12.7,15.9,26.7,37.2,39,17.7,1
"235",235,31.6,14.1,16,16.1,29.2,40,50.1,12.1,1
"236",236,35.8,11.1,20.5,36.7,43.1,48.9,49.5,13.2,1
"237",237,14.4,8,13.5,4.5,21.8,26.8,38.1,12.6,1
"238",238,18.8,8.5,14.9,15.9,37.3,37.9,34.2,18.7,1
"239",239,15.8,7,14.4,16.8,29.1,38.7,48,14.1,1
"240",240,22.6,7.9,13,26.1,25.2,35.1,38.4,18.4,1
"241",241,38.1,16.2,16.5,18.5,45.2,46.6,43.7,16,1
"242",242,23.9,10.4,13.8,25.4,29.8,35.8,42.1,16.5,1
"243",243,17.2,7.4,9.2,29.1,20.2,33,39,14.4,1
"244",244,23.3,8.1,15.5,31.9,32.1,38.4,37.6,20.7,1
"245",245,17.6,6.5,13.2,22.5,36.4,47.3,47.4,16.5,1
"246",246,14.5,7.2,12.1,22.4,18.6,34.6,39.4,14.9,1
"247",247,15.6,6.6,13.4,18.5,31.6,36.4,37.1,16,1
"248",248,25.3,8.5,14.5,26.5,29.9,42.1,47.1,17.5,1
"249",249,19.1,7.1,13.5,15.8,29.9,34,38.2,14.7,1
"250",250,28.8,9.9,15,20.4,35.4,42.1,46.7,15.2,1
"251",251,19.5,7.1,12.2,23.7,19.7,42.2,40.9,17.1,1
"252",252,34.9,13.3,16.1,24.8,26.3,48.7,52.7,16.7,1
"253",253,18.8,9.9,16,19.2,28.8,34.1,39.4,20,1
"254",254,16.9,8,16.5,22,27.1,34.9,36.2,16,1
"255",255,31.2,14.1,16.1,13.2,41,51,50.2,11.9,1
"256",256,21,5.9,11.8,15.3,18.2,40.6,43.3,16.6,1
"257",257,39.5,12.9,17.3,18.3,37.9,44.5,47.7,13.1,1
"258",258,28.3,10.5,14.9,30.7,35.9,45.2,43.9,16.6,1
"259",259,9.2,4.3,10.6,19.3,16.1,32.5,34,14.1,1
"260",260,15,8.1,12.5,18,24.1,26.9,32.3,16.4,1
"261",261,33.3,7.6,15.6,20.3,30.9,38.4,42,17,1
"262",262,17.1,6.8,13.6,41.6,19.4,34.9,32.9,17.8,1
"263",263,20.3,8.3,11.7,19.3,19.8,32,41.7,17.2,1
"264",264,18.3,9.6,14.6,12.4,22.5,37.7,42.2,12.2,1
"265",265,24.6,8.4,12,21.5,27.3,43.6,47.4,17.1,1
"266",266,36.3,8.9,16.5,32.7,31.6,45.6,51,19.8,1
"267",267,19,8.1,11.3,16.8,28.7,33.2,35.5,17.2,1
"268",268,26.4,10.7,18.8,28.2,38.6,45,46.7,14.9,1
"269",269,29.1,15.6,19.5,16.4,53,52.6,47,13.9,1
"270",270,26.8,6.8,15.1,17,39.7,40.4,43.7,16.6,1
"271",271,31.8,10.9,18.6,24.8,42.8,42.4,43.6,15.9,1
"272",272,21.7,10.8,14.8,6.6,34,45,53.7,13.7,1
"273",273,16.6,6.3,12.9,23.2,18,38.1,42.9,14.9,1
"274",274,28.3,9.8,15.6,45,32.8,40.3,34.7,13.7,1
"275",275,27.6,9.7,14.5,20.4,26.1,37.7,39.7,16.4,1
"276",276,23.1,8.6,10.3,16.8,23.4,30.5,35.2,19.5,1
"277",277,29.5,6.8,14,18,23.5,31.8,45.3,15.8,1
"278",278,36.9,10.8,15.2,16.6,27.1,41.1,53.7,11.1,1
"279",279,36.2,11.6,14.4,42.2,39,54.8,56.3,18.3,1
"280",280,13.3,7.4,11.9,6.1,22.9,25.8,35.3,14.2,1
"281",281,36.5,9.1,15.1,13.3,42.1,42.4,44.7,15.5,1
"282",282,18.3,7,14.8,17.8,26.2,34.7,40.5,13.9,1
"283",283,23.1,9.7,15.5,26.1,30.5,37.8,39,15.5,1
"284",284,45.1,14.5,18.4,16.5,46.6,47.6,46.5,12.6,1
"285",285,27.5,8.5,13.4,17.4,29.1,38.4,43.4,15.2,1
"286",286,21.1,6.3,12.9,28.2,19.5,35.3,39.2,13.2,1
"287",287,29,9.4,14.8,27.3,33.2,38.3,42,21.3,1
"288",288,20.3,7.4,13.5,28.2,32.9,42.7,44.4,15.9,1
"289",289,14.8,7,12.7,14,18.3,25,35.7,17.3,1
"290",290,25.3,6,13.8,28.7,28.6,38.9,47.1,18.1,1
"291",291,20.4,7.4,16,11.9,35.1,33.9,37.5,13.3,1
"292",292,35.2,9.4,17,22.5,34.1,41.5,49.8,17.7,1
"293",293,19.8,7.8,11,23.9,20.5,34.6,40.1,12.8,1
"294",294,23.8,8.4,14.4,22.7,31.4,39.8,44.3,18,1
"295",295,35.8,9.7,16.6,27.5,30.3,44.7,54.1,16.9,1
"296",296,20.4,7.3,16,21.9,26.7,33.6,39.1,14.3,1
"297",297,33.7,12,18.7,20.5,42.2,45,47.9,13.8,1
"298",298,20.2,7.5,12.3,11.2,22.9,41.1,43.3,15.7,1
"299",299,41.7,11.9,19.8,26.9,39.5,42.2,48.5,13.2,1
"300",300,32.6,11.1,15.1,36.3,38.6,45.4,45.9,16.5,1
"301",301,11.8,5,9.6,20.6,18.2,34.1,38.5,12.8,1
"302",302,16.5,7.7,13.2,15.9,24.8,26.1,31.6,18.6,1
"303",303,40.6,11.5,18.6,21,31.3,37.9,46.5,16.8,1
"304",304,18.3,7.1,12.5,22.9,23.5,38.6,34.9,14.4,1
"305",305,20.9,6.5,9.8,19,17.5,35.5,46.7,19.1,1
"306",306,22.7,19,21,30.5,19.7,51.1,43.7,31,2
"307",307,15.5,18,15.5,20.1,15,37,45.8,22.8,2
"308",308,16.5,17.6,15.8,37.8,19.3,43.6,49.3,29,2
"309",309,24.9,25.2,17.9,18.3,20.9,48.7,52.1,28.8,2
"310",310,17.5,20.9,13.4,28.3,18.5,51.9,43.3,24.9,2
"311",311,7.8,13.1,13.2,17.6,19.9,29.4,40.4,33.9,2
"312",312,15.5,16.6,13.8,21.5,21.5,39.2,40,31.2,2
"313",313,17,17,16.2,38.5,23.7,48.9,53.9,18.7,2
"314",314,20.1,16.2,14,28,21.7,47,43.7,30.8,2
"315",315,13.2,20.8,15.4,16.9,20.9,42.7,46.7,33.6,2
"316",316,19,25.8,16,13.3,19.5,43.9,49.6,23.7,2
"317",317,12.8,20.6,14.3,10.7,16.9,42.7,53.9,22.9,2
"318",318,15.1,15.1,12.2,27.7,16.3,36.9,46.7,29.1,2
"319",319,17.3,18.5,14.1,58.6,16.4,44.3,40,31.5,2
"320",320,22,19.2,14.3,12.5,19.7,41.8,43.5,33.1,2
"321",321,21.4,16.7,14.3,23.7,14.7,35.5,42.1,32.2,2
"322",322,27.3,21.9,15.5,20.9,18.8,51,51.8,24.8,2
"323",323,19.7,19.3,14.7,27.6,20.4,50.6,49.2,27.1,2
"324",324,9.6,18.9,13.4,5.2,20.2,41.1,40,25.1,2
"325",325,14.3,14.6,14.5,17.5,18.5,42.1,45.6,24.8,2
"326",326,12.5,17,14.3,23.1,20.9,42.9,46.6,27.3,2
"327",327,18,16.7,16.3,31.6,17.1,44.7,42.6,27.9,2
"328",328,26.4,25.8,14.4,29.1,24.6,53.2,45.2,31.5,2
"329",329,25.3,22.7,15.2,28.7,18.6,40.2,47.9,29.1,2
"330",330,17.5,13.5,12.2,37.7,18.5,38.1,44.5,31.1,2
"331",331,18.2,18.9,14.9,28.9,18.7,41.1,40.6,30.9,2
"332",332,20.3,16.1,11.3,32.3,14.8,43.1,43.7,35.3,2
"333",333,14.3,15,16.2,23.9,20.9,45.2,48.4,27,2
"334",334,14.3,16.1,14,18.1,16,37.9,43,28.8,2
"335",335,12.6,13.9,15.1,35.6,16,35.9,39.2,28.6,2
"336",336,21.9,18.2,14.6,26.6,21.4,39,44.4,33.2,2
"337",337,16,15.4,15.8,18.7,16.7,45.5,43,24.2,2
"338",338,22.3,17.9,14.8,30.1,18.1,47.5,48.8,26.8,2
"339",339,20,16.5,16.1,39.8,14.3,42.9,45.3,32.5,2
"340",340,19.8,20,10.4,27.6,22.1,43.8,43.3,30.3,2
"341",341,25.6,20.7,14.4,32.7,20.6,50.1,52.4,37.2,2
"342",342,17.1,17.9,12.8,28,18.9,42,44.5,32.6,2
"343",343,24.9,17.1,13.6,28.5,22,62.6,46.1,19.6,2
"344",344,18,18,12.8,13.2,18.9,41.9,42,27.7,2
"345",345,21.3,20.2,13,14.8,18.5,51.5,51.8,24,2
"346",346,17.7,17.9,15.6,22.4,21.9,42.9,43,35.1,2
"347",347,26.7,24.3,17.1,23.2,23,54.3,49.9,29.3,2
"348",348,21.5,20.6,14.2,35.6,20.3,50.5,49,29.9,2
"349",349,14.8,13.2,11.5,14.8,13.5,34.7,41.5,28,2
"350",350,9.7,15.2,12.8,14.9,19.9,29.1,38.3,28.5,2
"351",351,19.4,17.2,15.3,17.7,18.9,47.3,44,29.4,2
"352",352,32.3,25.5,15,32.8,19.7,50.3,49.6,33.3,2
"353",353,15.6,17.5,11.9,22,17.8,42.7,38.3,26,2
"354",354,17.9,14.5,15.8,20.4,20.4,40.2,45.5,23.2,2
"355",355,19.6,16.7,15,40.7,16.9,44.6,44,31.7,2
"356",356,33,24.3,16.2,26.8,22.7,48.7,49.6,28.3,2
"357",357,14.9,17.6,14.4,35.2,16.7,40.6,33.8,34.2,2
"358",358,10.2,12.1,11.7,13.3,16.5,34.6,34,34.4,2
"359",359,12.4,14.6,14.7,8.9,15.6,37.9,40,29.7,2
"360",360,22.6,17.3,15.4,12.5,23.2,44.3,42.3,33.2,2
"361",361,17.9,16.5,15.5,17.8,26.9,47.3,45.7,18.1,2
"362",362,20.6,13.4,13,28.2,22.7,43.5,37.3,31.3,2
"363",363,18.4,28.9,15.9,10.3,19.4,41.1,52,25.1,2
"364",364,13.1,17.7,13.5,7.7,15.3,43.5,49.3,24.8,2
"365",365,15,12.2,15.2,26.6,15.8,38.7,36.1,31.6,2
"366",366,18.1,17.7,15.7,69.5,15.2,44.6,42.8,30.3,2
"367",367,21.3,18.8,15,20.7,18.5,42.5,43.3,37.4,2
"368",368,18.6,15.8,14.5,29.8,13.6,40.5,38.4,32.6,2
"369",369,31.9,23,15,25.2,20.1,50.8,48.4,31,2
"370",370,30.5,20.3,18,36.4,25,50.3,49.2,25.8,2
"371",371,19.2,18.1,15.2,7.1,22.9,42.4,41.1,23.8,2
"372",372,15.7,14.7,14.4,18.3,21.2,42,44.8,23.4,2
"373",373,12.8,14.5,13.5,18.2,21.7,39.1,40.5,28.3,2
"374",374,21.1,19.3,13.3,28,21.4,42.8,40.5,29.1,2
"375",375,28.6,18.9,15.2,32.3,20,44.2,46.1,35.5,2
"376",376,19,14.5,14.9,38.8,17.5,37,40.3,37,2
"377",377,22.3,17.5,14.4,34.7,20.8,40.6,36.7,35.3,2
"378",378,24.2,16.9,15.8,32.9,20.4,39.2,42.6,32.5,2
"379",379,19,16.9,14.3,31.7,18.6,45,40.6,31.1,2
"380",380,16.3,15.8,13.7,15.1,18.1,37.9,38.4,30,2
"381",381,23.4,18.2,15.1,29.6,20.9,36.9,40.6,39.1,2
"382",382,15.9,14.1,14.2,16.1,18.6,37.6,39.8,28.1,2
"383",383,26.3,18.5,13.4,29.3,21.1,40,43.5,30.7,2
"384",384,21,16.8,16.2,22.4,19.3,40,38.6,34.1,2
"385",385,24.3,17.3,13.8,34.2,19.8,44.9,47.9,37.7,2
"386",386,20.7,16,15.3,21.3,19.5,43,43.5,33,2
"387",387,25.8,13.7,11.7,0.1,25.8,60.7,49.8,20.5,2
"388",388,13.2,17.3,14.9,18.1,22.3,42.7,42.6,30.9,2
"389",389,25.9,17.6,15.5,24.2,21.1,48,48.2,29.3,2
"390",390,28.8,23.9,16.9,29.3,22.7,45.9,44.8,33.4,2
"391",391,22.5,21.1,15.8,32.3,22.1,45.1,45.4,31.6,2
"392",392,18.7,13.8,12.9,18.2,16.6,37.6,40.6,25.2,2
"393",393,15.6,15.1,13.7,25.2,20.4,30.7,35.6,33.1,2
"394",394,19.1,14.3,14.3,16.2,19.1,40.5,41.3,29.2,2
"395",395,30.1,23.4,13.9,30.8,23.7,47.3,44.6,30.4,2
"396",396,19.4,16.5,13.4,39.6,16.3,39.4,36.9,32.6,2
"397",397,27.6,18.6,18,39.6,28,47.2,48.6,35.5,2
"398",398,22.6,16.9,15.5,18.5,24.1,37.3,42.4,24.7,2
"399",399,22.5,14.5,15.1,30.6,22.8,42.1,38.6,32.1,2
"400",400,32.6,21.3,17.6,32.2,31.2,45.2,45.4,36.7,2
"401",401,16.3,18.5,17.1,40.1,23.7,38.3,30.9,31.8,2
"402",402,16,15.2,14.4,12.6,21.6,36.9,40.5,32.6,2
"403",403,20.7,18.1,14.3,12.3,28.1,38.7,36.5,31.4,2
"404",404,19.8,15.9,15,19.3,31.9,45.2,42.7,20.9,2
"405",405,24.4,15.8,13.6,30.3,28.8,41.9,36.7,34,2
"406",406,17.1,23.7,17.4,15.1,24.5,42,50.2,30.1,2
"407",407,16.7,17.6,15.6,8.5,21.8,36.9,48,26.7,2
"408",408,16.9,14.5,16.2,25.7,19.1,36.1,37.3,37.9,2
"409",409,22.3,16.7,16.1,61.8,22,42,39.7,33.8,2
"410",410,23.6,17.5,16.5,34.1,22.2,44,37.1,33.8,2
"411",411,33,20.6,14.9,25.2,25.3,44.7,47.3,27.3,2
"412",412,14.1,17.2,14.9,6.5,23.5,36.9,39.7,27.4,2
"413",413,19.1,14.1,14.5,18.7,26.4,40.1,41.3,25,2
"414",414,17.7,14.7,16,22.1,24.2,37.1,35,30.4,2
"415",415,23,17,15.8,28.8,22.4,44.1,40.2,30,2
"416",416,29.9,21.7,14.9,25.8,30.9,47.6,48.9,28.6,2
"417",417,25.2,15.9,14.3,28.2,18.1,39.8,44.9,33.5,2
"418",418,23.9,13,15.1,36.8,21.9,33.7,38.3,36.3,2
"419",419,24.3,16.8,15.5,33.8,25,38,35.4,36,2
"420",420,24.4,16.5,17.3,38.9,21.1,35.9,41.4,35.6,2
"421",421,16.1,17.8,15.9,30.7,22.2,39.7,37,35.9,2
"422",422,18.1,16.3,14.6,16.9,19.7,31.1,34.4,29,2
"423",423,24.3,19.5,15.9,30.8,24.6,38.5,43,38.3,2
"424",424,16.4,16.1,13.9,17.8,21.7,41.4,45.8,27.8,2
"425",425,29.8,20.2,14.6,30.4,31,41.5,41.9,33.8,2
"426",426,24.7,19.1,12.3,37.9,20.9,42.4,39.3,34.5,2
"427",427,33.4,22,13.9,41.3,29.9,40.9,41.5,43.6,2
"428",428,23.3,15.4,15,22.1,28.3,41.6,37.6,32.4,2
"429",429,28.9,11.9,12.2,34.1,28.7,56,41.1,25.1,2
"430",430,15.6,16.2,15.2,16.7,22.6,43.4,38.9,27.7,2
"431",431,26.6,19,18.8,33.2,27.8,51.9,44.4,34,2
"432",432,28.7,18.8,15.7,15.4,21.1,42.3,44.2,36.8,2
"433",433,31.8,22.7,16.4,28.9,28.9,46.3,43.7,33.9,2
"434",434,19.9,16.1,14.1,18.2,19.4,28.6,32.2,30.3,2
"435",435,19.5,14.5,14.6,14.7,24.2,39.3,38.5,32.3,2
"436",436,33.7,23.4,16.8,25.6,25,46.1,46.1,33,2
"437",437,26.6,13.8,15.2,21.6,19.8,36.2,38.4,33.5,2
"438",438,37.3,20.6,15.4,43.7,33.7,41.5,45,35.8,2
"439",439,20.2,13.4,14.7,20.3,21.2,36.6,37.1,27.7,2
"440",440,22.2,14.1,13.4,27.7,26.6,37.6,40.5,27.8,2
"441",441,33.1,23.7,16.7,24.7,35,40.2,43.9,34.3,2
"442",442,17.1,14.5,14.3,28,25.1,34,35.4,33.4,2
"443",443,25.2,17.2,15.3,17.5,36.7,38.6,35.4,32.7,2
"444",444,25.3,14.9,13.4,30.9,31.5,41.9,35.5,34.1,2
"445",445,25.6,14.1,17.4,38.7,31.4,45.5,41.8,34.5,2
"446",446,19.6,17.3,15.4,7.2,31.1,38,44.4,30.6,2
"447",447,18.4,13,15.4,28.5,20.9,32.1,35.7,38.2,2
"448",448,26,13.7,16,64.5,28.4,39,35.4,31.6,2
"449",449,24.2,15.9,18,33.1,26.2,34.6,37.6,37.1,2
"450",450,36.2,24.2,13.8,22.5,24.5,42.1,44.7,29.5,2
"451",451,25.5,14.1,17,37.5,33.1,47.2,39.5,34.1,2
"452",452,19.8,15,14.8,5,24.3,37.4,36.9,27.8,2
"453",453,20.8,13.8,14.8,22.7,30.8,37.8,39.3,27.5,2
"454",454,17.9,13.2,14.2,18.9,25.5,34.9,35.7,29.4,2
"455",455,23.5,17.3,15.7,32.4,27.7,38.5,40.3,33.7,2
"456",456,39.5,19.2,10,32.1,38,42.6,46.7,34.4,2
"457",457,25.6,18.5,14.7,37,26.8,39.1,42.8,36.2,2
"458",458,23.3,12.9,14.6,38.7,24.6,33.9,38.9,35.4,2
"459",459,29.9,16.6,16.5,34.9,32.8,38.5,34.7,36.6,2
"460",460,27,17.2,15.7,39.3,23.9,39.9,38.5,40.4,2
"461",461,20.4,15.3,14.3,26.1,28.5,44.1,41.7,31,2
"462",462,16.9,14.9,13.5,21.9,27.2,33.7,37.2,30.1,2
"463",463,14.1,12.5,15.5,45.2,27.5,37.6,39.1,38,2
"464",464,25,16.6,15,29.5,27.1,37.5,39.4,38.6,2
"465",465,25.1,12.3,13.9,19.6,28.5,37.7,35.1,33.8,2
"466",466,31.1,15.3,14.5,25.2,31.6,38.6,41.1,36,2
"467",467,30.3,16.7,15.1,32.4,23.2,36.4,37,30,2
"468",468,24.7,17.4,15.1,24.2,27.6,40.8,39.8,34.2,2
"469",469,33.3,14.1,14.7,35,32.4,42.2,46.2,49.9,2
"470",470,20.2,13.3,15.6,25,28.1,37.6,38.7,30.8,2
"471",471,29.5,18,15.3,38.9,30.8,42.7,42.9,32.1,2
"472",472,30.9,16.6,14.7,22.3,23.8,37.4,36.7,34.8,2
"473",473,33.3,20,14.1,23.3,33.9,45.9,44.7,34.9,2
"474",474,27.1,19.4,14.8,42.4,33.5,45.6,40.6,38.9,2
"475",475,17.2,8.3,11,21.9,14.9,30.8,32.1,27.6,2
"476",476,26.8,16.7,16.9,17.5,27.1,44.6,46.3,32.8,2
"477",477,23.7,14.5,14.6,14.8,28.4,38.9,36.1,31.6,2
"478",478,42.5,18.8,16.3,33.9,33.8,37.3,36.1,42,2
"479",479,24.4,15,12.1,40.4,21.6,33.9,33.5,29.5,2
"480",480,29.8,12.9,12.7,27.5,24.5,31.1,37.2,36.3,2
"481",481,42.5,19.7,15.3,44.7,40.8,41.7,41.6,41.7,2
"482",482,23,14,14.1,21.8,25.6,34.8,39.4,28,2
"483",483,30.9,14.6,15.1,36.3,30.9,41.1,42.7,31.9,2
"484",484,34.9,19.8,14.4,28,27.7,42.4,46.9,37.9,2
"485",485,26.8,11.7,13,32.7,22.4,33.9,31.9,36.4,2
"486",486,22.5,16.5,16.5,30.6,27.5,38.6,34.2,34.8,2
"487",487,29.8,14.9,14.1,27.4,38.3,41.7,42.8,32.4,2
"488",488,23.8,13.4,16.4,11.6,36.1,44.3,38.1,21,2
"489",489,29.3,15.2,13.8,29.3,38.6,42.3,34.9,37.9,2
"490",490,31.6,18.2,16.6,37.7,34.2,42.9,39.5,36.1,2
"491",491,21.1,17.7,13.6,9.9,34.8,41.1,42.9,28.8,2
"492",492,23.4,11.4,14.3,33.6,23.8,32.5,33.4,36.8,2
"493",493,29.6,15.9,13.2,71.3,30.7,40.9,38.1,30.5,2
"494",494,32.9,17.8,12.5,22.6,26.9,42.4,43.2,32.3,2
"495",495,34.8,16.2,14.5,24.2,24.4,33.5,34.5,37.7,2
"496",496,26.5,12.3,14.9,33.4,26.8,35.5,41,40.5,2
"497",497,37.1,20.6,14.3,24.8,33,41.6,48.7,30.4,2
"498",498,37.1,18.6,16.8,46.5,37.7,49.5,45,35.4,2
"499",499,22.9,15,15,7,25.8,39.3,39.3,30.3,2
"500",500,27.1,13.4,15.5,24.2,35,37.6,37.7,32.2,2
"501",501,23.1,13.5,15.1,18.4,28.5,29.1,38.3,39.1,2
"502",502,28.1,15.8,15.2,34.5,30.4,37.9,37.1,35.1,2
"503",503,43.4,18.2,14.9,34.9,42.4,38.4,36.5,37.4,2
"504",504,29.7,11.4,14,37,24.6,33.9,39,36.1,2
"505",505,31.4,16.1,15.1,35.5,33.3,37.2,33.9,38.3,2
"506",506,29.7,15,13.5,38.7,26.8,37.8,39.2,35.8,2
"507",507,26,14.6,13.8,26.8,31.6,35.8,38.3,31.4,2
"508",508,21.6,14.7,15.3,56,32.3,34.9,38.5,47.9,2
"509",509,32.1,17.5,14.8,33.7,30.5,36.3,37.9,33.8,2
"510",510,23.5,13.9,14.6,19.7,31.3,38.6,34.5,33.9,2
"511",511,34.5,14.8,15.5,40.7,35.7,38.8,43.2,33.6,2
"512",512,34,14.4,13.9,19.6,24.1,42.3,38.3,35.3,2
"513",513,28.3,17.4,17.2,26.7,32.5,43.6,40.5,35.3,2
"514",514,39.7,17.9,17.5,41.1,29.4,38.5,42.5,47.9,2
"515",515,25.2,13.2,14.9,23.4,27.7,36.7,36,35.4,2
"516",516,35,18.1,14.3,30.8,36.8,48.8,50.4,36.1,2
"517",517,36.5,12,13.9,22.7,25.6,40.5,42.6,37.3,2
"518",518,42.8,17.9,17.1,25.9,36.1,41.7,42.7,41.8,2
"519",519,32.3,19,13.9,38.7,36.7,47.2,40.8,35.4,2
"520",520,17.9,12.2,13.6,16.9,19.8,32.8,32.8,27.1,2
"521",521,21.8,13.2,14.5,15.4,28.3,27.9,30.7,32.2,2
"522",522,25.8,11.4,18,21.3,29.6,42.5,37.3,31.1,2
"523",523,42.6,19.5,16.1,32,34.1,36,35.2,38.4,2
"524",524,28.7,13.9,14.9,39,24.3,35.9,33.2,33.9,2
"525",525,31,14.9,11.5,26.8,21.4,30.8,35.7,34.3,2
"526",526,41.9,16.9,15.1,34.4,39.1,46.2,51.8,25.1,2
"527",527,20.4,13.8,13.6,21.8,24.1,36.6,40.3,26,2
"528",528,33.5,16.8,13.9,40.8,32.7,42,39,33.1,2
"529",529,34.1,18.4,16,24.2,38,45.2,48,26.8,2
"530",530,29,8.5,11.6,25.3,29.7,31.7,32,34.1,2
"531",531,37.5,13.7,16.6,22.6,30.8,34.8,32.7,34.6,2
"532",532,32.1,15.3,14.8,28.1,39.1,43.2,41.7,33.7,2
"533",533,32.9,13.2,16.1,33.5,39.8,43.1,36,32.1,2
"534",534,32.3,14.3,13.7,32.9,38.4,39,39.8,33,2
"535",535,26.2,16.9,13.1,13.3,31.2,36.3,42.3,24.7,2
"536",536,22.3,12.2,12.4,31.2,23.4,34.7,37.6,38,2
"537",537,35.3,14.7,16.7,67.7,36.9,45,40.6,31.8,2
"538",538,32.9,15.6,13.9,31.2,27.7,41,41,32.3,2
"539",539,36.4,14.9,13.2,24.1,29.8,34.8,37.7,37.4,2
"540",540,39.7,20.4,14.8,29.8,28.6,42.6,48.2,30.4,2
"541",541,37.4,17.9,14.7,36.1,37.7,47.6,49.9,35.4,2
"542",542,27.1,16.7,16.7,6.1,28.9,42,41.6,22.9,2
"543",543,23.8,15.4,15.8,24.2,41.2,40.5,37.1,30.8,2
"544",544,25.9,14.3,13.7,19.1,31.6,31.2,35.7,32.1,2
"545",545,32.4,15.7,15.2,36,34.2,40.7,38.6,32.3,2
"546",546,42.2,20,16.2,34,44.7,44,40.5,30.2,2
"547",547,38.8,18.2,14.7,40.4,35,39.3,46,36.6,2
"548",548,33.5,13,14.2,35.4,27.1,34.8,39.7,27.5,2
"549",549,34.6,15.2,15.7,34.6,33.5,36.3,33,36.3,2
"550",550,26.4,15,13.3,30,33.9,42.7,40.4,33,2
"551",551,29.6,16.3,13.5,25.6,27.1,33.3,37.6,31.4,2
"552",552,24.2,13.8,14.8,13.3,33.5,37.6,35,29.3,2
"553",553,35.5,18.3,14.6,33.9,35.3,36.8,40,29.4,2
"554",554,30.1,14.5,17.2,15.2,35.5,40.5,35.8,31.6,2
"555",555,36.4,16.7,13.8,14.8,37.1,39.9,43.5,33.6,2
"556",556,32.9,14.6,14.6,56,31.2,40.6,42.9,43.6,2
"557",557,41.2,14.6,16.4,37.3,31.4,43.2,45.9,37.9,2
"558",558,32.2,13.5,15.6,22.8,32.8,38.2,38.8,34.9,2
"559",559,25.1,12.3,16.4,22.6,30.9,38.8,34.1,31.3,2
"560",560,35.4,18.7,13.9,20.2,38.6,50.9,52.7,22.5,2
"561",561,36.5,13.1,13.1,22.6,26.6,38.2,41.6,36,2
"562",562,42.8,18.5,14.8,27.4,37.8,43.4,46.4,34.8,2
"563",563,37.2,15.8,15.5,43.8,36.6,44,36.6,37.5,2
"564",564,19.3,8.2,10.1,24.2,16.4,32.7,36.3,29.2,2
"565",565,29.6,16.1,14.7,20.8,23.6,30,34.4,30.5,2
"566",566,35.7,20.2,13.1,27.4,31.9,37.5,41.1,27.9,2
"567",567,28.9,11.7,14.2,44.9,26.8,36.8,35.9,29.6,2
"568",568,33.3,11,13.1,26.1,23.9,34.7,40.9,33.6,2
"569",569,25.1,12.4,17.5,22.9,23.3,39.9,40.8,25,2
"570",570,34.1,14.6,15.9,32.2,29.2,45.4,45.1,32.9,2
"571",571,42.4,18.3,14.8,30,37.3,49.2,52.2,29.1,2
"572",572,33.4,16,14.8,0.2,31.5,33.7,34.2,31.1,2
"573",573,37.9,15.6,15.9,28.7,40.2,49.1,45.7,30.6,2
"574",574,31.6,19.5,15.7,16.9,50.7,48.5,43.4,23.2,2
"575",575,35.3,15.4,15.3,29,40.6,41.3,37.6,33.7,2
"576",576,36.2,16.5,17.4,43.9,43.4,43.2,39.4,36.4,2
"577",577,23.5,19.2,13.2,9,32,44.6,48.1,22.3,2
"578",578,29.4,15.4,10.3,40.6,25.6,35.4,41.1,31,2
"579",579,39.3,15.9,15.5,49.6,37.3,45,39.6,29.5,2
"580",580,43.4,17.7,15.8,30.1,30.9,37.7,39.7,30.6,2
"581",581,41.7,13.7,16.2,23.1,26.4,33.7,40.2,32.9,2
"582",582,36.5,15.2,14.5,32.8,28.3,33.9,36.2,36.2,2
"583",583,44.1,19.7,17.2,23.5,27.7,44.1,52.4,24,2
"584",584,37.3,19.4,20.8,47.8,37.9,53.2,49.6,32.9,2
"585",585,26.3,17.5,13.8,7.3,24,26.4,41.8,28.3,2
"586",586,41.2,16.6,15,18.2,41.5,40.8,44.7,33.8,2
"587",587,31.5,14.7,14,18.7,30.7,38.1,40.4,29.1,2
"588",588,34.6,14.9,17.3,33.5,34.7,40.1,42.9,28.3,2
"589",589,49.5,21.2,16.9,30.8,48.3,44.1,41.2,30.9,2
"590",590,37.9,15.3,14.9,30.6,30.1,42.5,43,38,2
"591",591,31.1,13.7,13.8,37.4,24.9,34.9,39.5,28.8,2
"592",592,38.6,16.2,16.4,33.2,37.5,40.2,37.2,39.1,2
"593",593,26.5,14,15.1,34.5,37.2,40.4,41.1,29.1,2
"594",594,33.2,15.8,15.6,20.4,31.5,31,39.6,30.4,2
"595",595,30.7,15.5,13.2,31,26.9,36.8,42.2,26.2,2
"596",596,27.3,14.1,16.2,14.3,35.6,36.5,39.5,27.9,2
"597",597,38.5,15.9,17,35.4,36.5,46.9,47.5,31.5,2
"598",598,37.2,11.8,16,17.5,29,39.9,40.8,30.3,2
"599",599,36.6,16,15.4,29.6,32.8,43,47.1,35.6,2
"600",600,45.2,19.2,13.7,40.7,36.3,42.4,45.3,41.4,2
"601",601,30.1,13.7,16.2,24.4,28.1,36.6,41.1,34.2,2
"602",602,34.9,16.6,15.3,25.7,35,49.1,49.8,26.4,2
"603",603,35.8,10.5,16.4,17.5,24.8,38.3,42.7,29.5,2
"604",604,51.2,21.6,16.4,34,37.2,40.5,45.2,35.4,2
"605",605,42.7,19.8,15.4,44.6,38.5,46.5,42.3,34.6,2
"606",606,21,11.9,13.2,38.2,18.4,35.6,39.5,26.7,2
"607",607,31.9,15,14.9,20.9,40.8,31.2,34,32.5,2
"608",608,50.8,17.5,14.9,29.7,32.7,42,41.3,35,2
"609",609,31.4,14.7,15.3,35.6,27.3,38.7,41,36,2
"610",610,34.6,11.7,12.6,24.6,24,34.2,40.9,33.4,2
